zroadruner,0,0:00:00,0.0,1376,0,73409332,[-1]
TrumpWins201620,11,0:00:11,0.5,107,12,704337925052489729,|[704403865714630656, 706175502097227777, 261749735, 3951026057, 2547127850, 4822094443, 4718047119, 2903166449, 4786132700, 249504637, -1]|
james_141jaw,10,0:00:32,0.125,195,2,1334979337,|[1675606220, -1, 813307975]|
perriganps,49,0:00:32,0.875,55,11,3959778976,|[704006510523904000, 46303458, 923885029, 261749735, 2903166449, 93637779, 1618641848, 54052856, 3452894301, -1]|
Quackenbush88,1,0:00:33,-0.375,110,17,2390102748,|[262855072, 701285115574378496, 709854549171896320, -1, 239760871, 19264136, 4529760329, 2473143948, 4821375853, 3248410062, 2903166449, 3876509782, 1618641848, 54052856, 3246358172, 2674533054, 369029151]|
Karmasan2013,21,0:00:34,-0.875,1173,1,1355475116,|[93637779, -1]|
Patriotvnvet,12,0:00:41,0.125,4083,0,606507498,[-1]
WWWineWitch,210,0:00:43,-0.5,177,11,26259429,|[701285115574378496, 242618658, 4305818178, 2763687557, 261749735, 230435960, 1618641848, 3093970392, 3452894301, -1]|
HuckleberryBull,11,0:00:57,0.5,1878,43,80310070,|[861625476, 829735580, 2473416096, 62452257, 242618658, 1280947238, 366819502, 26043187, 101395252, 1618641848, 1931562048, 1147086920, 4529760329, 851106379, 137380559, 33810385, 406784853, 885733974, 2437305048, 192959969, 403715681, 46303458, 1166761314, 261749735, 239760871, 28006508, 1556853488, 2903166449, -1, 2619163263]|
mdavilamartinez,25,0:01:08,0.0,87,0,2891516148,[-1]
richardlantz1,60,0:01:43,0.625,217,0,382896970,[-1]
soldier_nchrist,210,0:01:46,-0.5,85,2,4267156996,|[406784853, 438050333, -1]|
JSilamianos,368,0:02:18,0.125,23,4,4883584173,|[262855072, 1618641848, -1, 261749735]|
Network_Citizen,0,0:02:20,0.125,5609,101,3069361299,|[2833154944, 508211969, 2985438850, 18957055, 121556102, 3303507079, 4349482632, 187618058, 2471135371, 1416768523, 19419025, 4879397523, 3663579675, 829735580, 3307237790, 369029151, 62452257, 242618658, 57039652, 205090086, 1280947238, 26043187, 101395252, 2650426551, 1618641848, 126665405, 512327871, 1931562048, 1561539391, 3041625663, 1596970304, 870654146, 4180736069, 2325020102, 84982979, 1147086920, 1309141698, 851106379, 1675606220, 2652435918, 137380559, 553276371, 838399572, 3010614996, 995212500, 885733974, 3093970392, 541086423, 62829146, 549600981, 50567379, 1560856285, 512234077, 2223867613, 874724448, 192959969, 46303458, 487191523, 1166761314, 261749735, 481728744, 2197108820, 2323305703, 239760871, 4430663661, 3367277039, 9188592, 73490800, 1556853488, 34929519, 2174509045, 1372786812, -1, 561310591]|
CABar5150,108,0:02:25,0.0,31,2,4633806941,|[-1, 261749735]|
PhoenixJDV,0,0:02:31,0.0,154,0,4633806941,[-1]
sowhat63764351,7,0:02:51,0.0,5003,3,3277256436,|[3741732976, 28006508, -1, 2713177031]|
jg_simpson,11,0:02:56,0.5,716,23,801050580,|[242618658, 46303458, 2543427014, 261749735, 2513050795, 28006508, 137380559, 1564676498, 26043187, 106798740, 101395252, 93637779, 885733974, 1618641848, -1]|
PhillipLaird,5,0:03:09,0.375,6223,55,76064527,|[4349482632, 2471135371, 889024146, 93637779, 106798740, 428559259, 829735580, 62452257, 242618658, 57039652, 1096465837, 26043187, 1618641848, 214528184, 126665405, 22284734, 167621823, 1931562048, 1147086920, 851106379, 137380559, 553276371, 838399572, 406784853, 885733974, 62829146, 192959969, 403715681, 487191523, 702291044, 183729766, 261749735, 239760871, 28006508, 34929519, 1556853488, 2174509045, 860698362, 270943100, 1372786812, -1, 561310591]|
paulbaja,9,0:03:11,-0.75,1952,51,508211969,|[2833154944, 121556102, 3303507079, 4349482632, 2471135371, 2837232529, 3069361299, 93637779, 62452257, 242618658, 3054471976, 26043187, 101395252, 1931562048, 870654146, 1147086920, 3388611785, 851106379, 553276371, 192959969, 403715681, 1166761314, 1558857194, 4430663661, 1556853488, -1, 561310591]|
Free_All_Women,1,0:03:45,0.0,186,7,2555068705,|[923885029, 261749735, 4529760329, 28006508, 343201332, -1, 3309422527]|
hancock_lucille,24,0:03:52,-1.25,198,23,3367277039,|[291650241, 242618658, 261749735, 1564676498, 3069361299, 101395252, 889024146, 1618641848, 393190233, 62829146, -1]|
texasfreedom101,2,0:03:53,0.375,6640,97,838399572,|[18957055, 2985438850, 861625476, 3303507079, 4349482632, 481458568, 187618058, 2471135371, 2527758476, 1691909647, 76064527, 19419025, 22116240, 3069361299, 240974612, 93637779, 1126515734, 2513036311, 635042328, 829735580, 62452257, 242618658, 2513050795, 366819502, 26043187, 101395252, 126665405, 748477502, 167621823, 870654146, 84982979, 1147086920, 851106379, 708199243, 2652435918, 137380559, 553276371, 2415060564, 2450034645, 885733974, 2197108820, 393190233, 62829146, 2223867613, 192959969, 403715681, 487191523, 46303458, 49431141, 183729766, 1166761314, 481728744, 533098601, 1556853488, 2903166449, 180885750, 889980282, 898681722, 1372786812, -1, 561310591]|
ripperroo2021,29,0:03:54,0.625,83,11,3060448016,|[704006510523904000, 242618658, 261749735, 239760871, 2903166449, 4865017525, 1618641848, 829735580, -1]|
IvoryDove,2,0:04:43,0.375,8757,112,26043187,|[508211969, 2985438850, 279167748, 861625476, 121556102, 3303507079, 373077255, 4349482632, 187618058, 2471135371, 1416768523, 481458568, 16585101, 76064527, 366853135, 418064015, 1564676498, 3069361299, 106798740, 93637779, 2837232529, 42081431, 1126515734, 438050333, 3307237790, 2473416096, 62452257, 242618658, 205090086, 30973100, 366819502, 56722736, 17961649, 101395252, 80310070, 1618641848, 214528184, 126665405, 748477502, 512327871, 1931562048, 870654146, 84982979, 3197533890, 4180736069, 8524102, 2713177031, 1147086920, 3388611785, 851106379, 137380559, 553276371, 838399572, 995212500, 2787076950, 2450034645, 2437305048, 50567379, 62829146, 2197108820, 1560856285, 3452894301, 874724448, 192959969, 403715681, 487191523, 289351782, 532473961, 1558857194, 2451379435, 543101673, 34929519, 73490800, 1556853488, 354440308, 180885750, 889980282, 1372786812, -1, 561310591]|
MJNRealtor,1,0:04:43,-0.625,720,18,3414144238,|[62452257, 46303458, 3303507079, 851106379, 73490800, 101395252, 62829146, -1]|
sewpc123,26,0:04:45,0.125,2747,51,2543427014,|[861625476, 4349482632, 2471135371, 93637779, 829735580, 438050333, 62452257, 242618658, 3054471976, 2263754155, 101395252, 296627383, 1618641848, 126665405, 3155025981, 3041625663, 851106379, 1675606220, 801050580, 885733974, 393190233, 2223867613, 403715681, 46303458, 261749735, 239760871, 28006508, 1556853488, 2903166449, 3253946096, -1]|
Stevefidelis,8,0:04:46,0.625,526,16,2450197100,|[707965319202136064, 46303458, 261749735, 2903166449, 93637779, 101395252, 885733974, 1618641848, -1]|
SydDaniels,2,0:04:49,0.625,3835,85,4430663661,|[2833154944, 508211969, 18957055, 279167748, 2763687557, 3303507079, 305547528, 4349482632, 366853135, 22116240, 19419025, 3069361299, 4180352153, 829735580, 62452257, 242618658, 205090086, 1280947238, 3054471976, 101395252, 2650426551, 1618641848, 214528184, 126665405, 3041625663, 1931562048, 4305818178, 84982979, 3388611785, 851106379, 137380559, 3845461457, 995212500, 35372757, 3269495126, 406784853, 2437305048, 75184478, 46303458, 2918864866, 3602627300, 21866085, 261749735, 239760871, 186278633, 606507498, 34929519, 1556853488, 2903166449, 3253946096, 3408556659, 1555331312, 482471798, 230435960, 889980282, 1372786812, -1, 561310591]|
TinaSackman1,83,0:04:54,-0.75,4657,0,3388611785,[-1]
K77491259,217,0:05:18,0.375,400,17,3530928317,|[4061705121, 242618658, 291650241, 923885029, 261749735, 33810385, 1564676498, 2903166449, 39179764, 889024146, 1618641848, 267021306, 3246358172, 3155025981, 3452894301, -1]|
txdad,217,0:05:20,0.375,246,22,30973100,|[242618658, 27491396, 26666917, 23433605, 261749735, 1280947238, 239760871, 28006508, 1675606220, 366853135, 2903166449, 3069361299, 1618641848, 829735580, -1, 167621823]|
mskimrose,5,0:05:29,-0.125,7659,108,126665405,|[419256844, 1126515734, 2513036311, 438050333, 369029151, 62452257, 748477502, 1931562048, 2882972224, 1147086920, 2171200586, 851106379, 838399572, 2197108820, 885733974, 62829146, 403715681, 532473961, 28006508, 3741732976, 354440308, 862831734, 1372786812, 2619163263, 861625476, 121556102, 3303507079, 467101832, 2471135371, 889024146, 3069361299, 106798740, 93637779, 829735580, 18093218, 211990186, 366819502, 17961649, 167621823, 84982979, 1675606220, 137380559, 995212500, 549600981, 541086423, 2746041570, 46303458, 2451379435, 1556853488, 3277256436, 279167748, 373077255, 76064527, 242618658, 57039652, 3054471976, 222299436, 26043187, 101395252, 1561539391, 345484611, 406784853, 393190233, 1166761314, 561310591, 2833154944, 16585101, 19419025, 2837232529, 2473416096, 26666917, 1618641848, 22284734, 2543427014, 2325020102, 2713177031, 33810385, 553276371, 2450034645, 963260377, 261749735, 606507498, 4430663661, 2903166449, 2174509045, -1]|
Shamrock1897,24,0:05:42,-1.25,808,29,3730691774,|[2985438850, 242618658, 261749735, 1147086920, 239760871, 28006508, 3248410062, 2903166449, 1564676498, 3069361299, 3681838516, 885733974, 3269495126, 1618641848, 889980282, 1850293754, 829735580, 3452894301, 1372786812, -1]|
moniquesourdif,11,0:05:51,0.5,637,26,36064015,|[707965319202136064, 279167748, 305547528, 872210570, 2473143948, 106798740, 3663579675, 3246358172, 369029151, 242618658, 427028916, 4529760329, 1675606220, 3248410062, 3876509782, 4786132700, 3452894301, 261749735, 2903166449, 230435960, 54052856, 1639741434, 249504637, -1]|
ChocChip52,217,0:05:53,0.375,431,55,4822094443,|[701285115574378496, 707965319202136064, 705448286749126656, 709854549171896320, 67503749, 23433605, 4881074567, 305547528, 3951026057, 872210570, 441063307, 190878483, 829735580, 3246358172, 438050333, 369029151, 262855072, 242618658, 17961649, 427028916, 4865017525, 41165751, 1618641848, 2650426551, 4926495803, 3155025981, 3309422527, 813307975, 33810385, 35372757, 613796565, 3269495126, 541086423, 46303458, 1223685223, 261749735, 3951725801, 239760871, 28006508, 4821375853, 3253946096, 2903166449, 1555331312, 2174509045, 54052856, 267021306, 249504637, -1]|
Donnie4Prez,25,0:05:58,0.0,138,0,4822094443,[-1]
tonygreene113,24,0:06:00,-1.25,3308,34,9188592,|[242618658, 3303507079, 1147086920, 261749735, 606507498, 2471135371, 2513050795, 2527758476, 3069361299, 101395252, 862831734, 885733974, 1618641848, 393190233, 541086423, 829735580, -1, 369029151]|
FEIHU69,217,0:06:13,0.375,1234,19,1216140252,|[242618658, 1147086920, 1675606220, 366819502, 101395252, 406784853, 885733974, 1618641848, 393190233, 829735580, -1]|
zroadruner,0,0:06:32,-0.125,1376,0,73409332,[-1]
DukeofEarlDD,49,0:06:38,0.875,438,31,4718047119,|[704006510523904000, 706175502097227777, 707965319202136064, 19264136, 3951026057, 471062544, 829735580, 3246358172, 262855072, 706067882, 4926495803, 3923899456, 291650241, 1675606220, 613796565, 3452894301, 46303458, 261749735, 4822094443, 4821375853, 2903166449, 54052856, 479104121, -1]|
PIX2CLICK,5,0:06:49,-0.125,1024,28,222299436,|[1931562048, 242618658, 46303458, 279167748, 261749735, 1147086920, 239760871, 1675606220, 28006508, 419256844, 366853135, 101395252, 1400504629, 3269495126, 1618641848, 829735580, 126665405, 2320404222, -1]|
AIGTeacher,1,0:07:02,-0.125,54,0,222299436,[-1]
YDP,217,0:07:02,0.375,19947,191,28006508,|[706714132762918912, 704403865714630656, 1608965634, 2790188549, 1416768523, 196122636, 366853135, 471062544, 565062169, 4800728601, 369029151, 3760379429, 1280947238, 3299974706, 4926495803, 3155025981, 748477502, 3041625663, 1931562048, 2882972224, 4305818178, 27491396, 813307975, 1147086920, 851106379, 2357647951, 885733974, 62829146, 3452894301, 702291044, 21866085, 49431141, 289351782, 2725704808, 533098601, 4822094443, 3741732976, 366938737, 3408556659, 862831734, 1372786812, 3858734717, 2985438850, 861625476, 2763687557, 3316195462, 3303507079, 3717779592, 872210570, 2471135371, 2473143948, 2885043855, 889024146, 93637779, 42081431, 4180352153, 829735580, 3246358172, 596843174, 30973100, 366819502, 4318652593, 2302191793, 17961649, 4865017525, 2650426551, 126665405, 3730691774, 512327871, 167621823, 291650241, 870654146, 84982979, 3197533890, 1309141698, 3388611785, 1675606220, 36703948, 4784208079, 137380559, 995212500, 35372757, 541086423, 4786132700, 2223867613, 46303458, 2451379435, 920051438, 1556853488, 3253946096, 1555331312, 3277256436, 18957055, 279167748, 2745750277, 187618058, 76064527, 190878483, 242618658, 2175324966, 3054471976, 222299436, 56722736, 1400504629, 80310070, 1561539391, 39242559, 8524102, 2558027593, 708199243, 1576552782, 321775954, 3269495126, 72194390, 393190233, 3368649063, 4821375853, 73490800, 871262071, 249504637, 2833154944, 2881723782, 4881074567, 441063307, 16585101, 19419025, 1564676498, 428559259, 2374775708, 26666917, 1895672233, 706067882, 2263754155, 570162094, 427028916, 1618641848, 2543427014, 2652435918, 3248410062, 1130537934, 33810385, 801050580, 619520469, 192959969, 487191523, 261749735, 239760871, 606507498, 1558857194, 4503215594, 2914529775, 2903166449, 39179764, 2174509045, -1]|
Patriotvnvet,210,0:07:16,-0.5,4083,0,606507498,[-1]
kristieJ2007,49,0:07:20,0.875,1389,0,3923899456,[-1]
MichaelRofe1,55,0:07:24,0.5,74,9,1321056600,|[1931562048, 101395252, -1]|
JennyLewis23,4,0:07:28,0.25,647,11,451743701,|[703637561957339136, 242618658, 101395252, -1]|
cecilf40,26,0:07:28,0.125,1121,0,451743701,[-1]
DebbieAnnOliver,5,0:07:40,0.375,462,9,2415225224,|[851106379, 829735580, 93637779, -1, 261749735]|
RightAsRain7,1,0:07:41,-0.375,173,16,3288362353,|[704006510523904000, 706175502097227777, 242618658, 46303458, 923885029, 205090086, 261749735, 606507498, 2903166449, 1618641848, 54052856, 3452894301, -1, 369029151]|
ChalonCollins,0,0:07:55,0,2110,44,3041625663,|[3303507079, 2799895176, 2471135371, 3069361299, 62452257, 205090086, 3054471976, 17961649, 3095458611, 101395252, 1618641848, 2543427014, 1147086920, 995212500, 2197108820, 3269495126, 1560856285, 1166761314, 261749735, 239760871, 28006508, 4430663661, 3253946096, 2903166449, 2174509045, 3072300534, 230435960, 1372786812, -1]|
McCluskyJoe,5,0:08:07,-0.125,746,13,2320404222,|[261749735, 239760871, 187618058, 222299436, 1618641848, 393190233, 829735580, 438050333, 3452894301, -1]|
theeleanordavis,15,0:08:09,-0.875,4350,47,512327871,|[279167748, 23433605, 1416768523, 889024146, 3069361299, 93637779, 2513036311, 62452257, 242618658, 2513050795, 17961649, 26043187, 101395252, 1618641848, 813307975, 1147086920, 851106379, 1675606220, 137380559, 35372757, 885733974, 406784853, 963260377, 230597725, 403715681, 46303458, 261749735, 28006508, 2903166449, 230435960, -1, 561310591]|
icetruckkilluh,0,0:08:16,-0.625,63,0,2269858939,[-1]
GunsNLoaded,11,0:08:18,0.5,42,12,4911266195,|[46303458, 4305818178, 923885029, 261749735, 239760871, 4529760329, 441063307, 2903166449, 1618641848, 393190233, 249504637, -1]|
medford_mark,210,0:08:19,-0.5,1063,45,872210570,|[704006510523904000, 707965319202136064, 705448286749126656, 704403865714630656, 23433605, 305547528, 471062544, 3492855441, 190878483, 32877719, 829735580, 3246358172, 2547127850, 3299974706, 343201332, 4865017525, 41165751, 1618641848, 4926495803, 20442820, 995212500, 393190233, 3452894301, 46303458, 923885029, 261749735, 239760871, 606507498, 4822094443, 28006508, 2903166449, 2174509045, 230435960, 2999847544, 54052856, -1]|
timhallman1_tim,1,0:08:22,0.25,93,0,899793746,[-1]
Bahsman,0,0:08:28,0.0,234,21,1691909647,|[62452257, 261749735, 851106379, 2471135371, 838399572, 101395252, 393190233, 1372786812, -1]|
TinaSackman1,556,0:08:40,0.375,4657,0,3388611785,[-1]
TinaSackman1,2,0:08:45,0.0,4657,0,3388611785,[-1]
DonnyLateNight,25,0:08:46,0.0,3041,57,106798740,|[2619163263, 706175502097227777, 279167748, 2763687557, 3303507079, 305547528, 2527758476, 76064527, 471062544, 19419025, 889024146, 2513036311, 565062169, 3663579675, 829735580, 262855072, 2473416096, 242618658, 19832102, 2513050795, 366819502, 17961649, 101395252, 427028916, 257643702, 41165751, 1618641848, 1400504629, 126665405, 3309422527, 167621823, 813307975, 1147086920, 1675606220, 3248410062, 33810385, 885733974, 393190233, 23277531, 3452894301, 46303458, 261749735, 920051438, 1556853488, 180885750, -1, 561310591]|
sal_oathkeeper,0,0:08:53,0.0,1115,18,635042328,|[242618658, 487191523, 1147086920, 73490800, 838399572, 101395252, 995212500, 885733974, 62829146, -1, 561310591]|
TinaSackman1,3,0:08:56,0.0,4657,0,3388611785,[-1]
PatriotJewel,2,0:09:25,0.375,7099,135,3303507079,|[1416768523, 366853135, 438050333, 369029151, 62452257, 2220100134, 1280947238, 3155025981, 748477502, 3041625663, 1931562048, 4180736069, 1147086920, 851106379, 838399572, 2197108820, 885733974, 62829146, 874724448, 21866085, 49431141, 533098601, 28006508, 1372786812, 2763687557, 121556102, 2799895176, 866034313, 467101832, 2471135371, 4349482632, 3069361299, 106798740, 93637779, 42081431, 4180352153, 829735580, 211990186, 366819502, 17961649, 475274420, 126665405, 291650241, 870654146, 84982979, 3197533890, 3388611785, 137380559, 50567379, 3010614996, 35372757, 2223867613, 46303458, 2323305703, 481728744, 2451379435, 3414144238, 9188592, 1556853488, 3253946096, 180885750, 508211969, 279167748, 242618658, 57039652, 205090086, 3054471976, 26043187, 101395252, 601385779, 1596970304, 2787076950, 3269495126, 393190233, 1166761314, 34929519, 73490800, 523439474, 889980282, 561310591, 481458568, 19419025, 1564676498, 2837232529, 3307237790, 26666917, 1096465837, 1618641848, 22284734, 553276371, 192959969, 487191523, 261749735, 239760871, 606507498, 4430663661, 2903166449, 2174509045, 1850293754, -1]|
DavidWeingust,0,0:09:29,0.0,313,9,3325022811,|[291650241, 242618658, 2713177031, 2903166449, 889024146, 885733974, 829735580, -1]|
I_N_F_O_W_A_R_S,56,0:09:30,0.375,1776,18,2927103282,|[4305818178, 49431141, 19832102, 3741732976, 2302191793, 3277256436, 101395252, 885733974, 406784853, 2496647126, -1, 167621823]|
508zamo,68,0:09:31,-0.125,202,20,479104121,|[-1, 242618658, 46303458, 4881074567, 239760871, 4821375853, 313671566, 2903166449, 889024146, 190878483, 2174509045, 2650426551, 1618641848, 54052856, 4786132700, 829735580, 3452894301, 3309422527]|
speedingisfun,5,0:09:43,-0.125,5001,91,230435960,|[704006510523904000, 705448286749126656, 2985438850, 4881074567, 19264136, 872210570, 2473143948, 16585101, 3310185230, 2885043855, 4337549712, 889024146, 4583867542, 4800728601, 4180352153, 829735580, 3246358172, 3054471976, 17961649, 935145523, 427028916, 4240514358, 41165751, 1618641848, 2650426551, 4926495803, 3155025981, 512327871, 1931562048, 1561539391, 3309422527, 3041625663, 20442820, 2795346754, 84982979, 1147086920, 3388611785, 4529760329, 708199243, 1675606220, 2171200586, 3248410062, 33810385, 995212500, 3269495126, 393190233, 4786132700, 46303458, 1166761314, 923885029, 261749735, 239760871, 186278633, 606507498, 4822094443, 28006508, 4430663661, 3951725801, 3253946096, 2903166449, 1555331312, 4853913459, 2241717492, 2174509045, 81120503, 54052856, 267021306, 249504637, -1, 561310591]|
mybodyworks2010,74,0:57:41,0.625,464,16,3220067984,|[704006510523904000, 291650241, 242618658, 2178404130, 705448286749126656, 261749735, 16585101, 106798740, 1618641848, 393190233, 3663579675, 829735580, 3452894301, -1]|
Iccross64ina,74,0:57:49,0.625,682,25,3010614996,|[242618658, 46303458, 3303507079, 261749735, 2471135371, 2903166449, 889024146, 3069361299, 101395252, 1618641848, 393190233, -1]|
warrenmcw,17,0:57:53,0.0,131,1,842137027,|[705108555288985601, -1]|
Kerri1111,168,0:57:55,-0.125,3050,58,427028916,|[707965319202136064, 705108555288985601, 67503749, 4881074567, 36064015, 471062544, 889024146, 106798740, 21579796, 829735580, 3246358172, 2473416096, 242618658, 2553493034, 2547127850, 366819502, 2954362544, 935145523, 4865017525, 257643702, 41165751, 1618641848, 4485831863, 3359383738, 4926495803, 3923899456, 1931562048, 345484611, 4529760329, 2558027593, 1675606220, 137380559, 33810385, 393190233, 4786132700, 3452894301, 46303458, 923885029, 261749735, 4822094443, 28006508, 2914529775, 2174509045, 230435960, 54052856, 249504637, -1]|
Mnbumper,48,0:58:02,0.5,1256,18,39179764,|[701285115574378496, 345484611, 923885029, 261749735, 305547528, 4529760329, 239760871, 28006508, 2903166449, 885733974, 1618641848, 2485550138, 829735580, 3246358172, 3452894301, -1]|
michaelkpate,0,0:58:08,0.25,1315,8,732903,|[101395252, -1]|
HarryJbug54,14,0:58:13,0.0,1734,24,920051438,|[-1, 242618658, 4349482632, 186278633, 28006508, 106798740, 101395252, 1618641848, 4180352153, 829735580, 3452894301, 1372786812, 167621823]|
JohnWallace30,256,0:58:29,0.375,2056,15,428559259,|[242618658, 46303458, 261749735, 851106379, 28006508, 76064527, 35372757, 885733974, 1618641848, 829735580, -1]|
jstines3,7,0:58:48,0.125,59155,241,101395252,|[703036137779036160, 298686978, 188952581, 1416768523, 196122636, 2707703310, 1691909647, 366853135, 1126515734, 2513036311, 635042328, 565062169, 4800728601, 446517785, 3663579675, 438050333, 62452257, 469086244, 2220100134, 64272430, 385296434, 78046261, 748477502, 3041625663, 1931562048, 2882972224, 192692803, 4180736069, 1147086920, 851106379, 34467919, 838399572, 2415060564, 2197108820, 62829146, 512234077, 205472863, 874724448, 403715681, 702291044, 21866085, 183729766, 49431141, 2725704808, 532473961, 533098601, 15712871, 2450197100, 289351782, 3741732976, 3408556659, 1372786812, 2985438850, 861625476, 105604742, 3303507079, 2799895176, 866034313, 1228544646, 2471135371, 467101832, 3316195462, 121556102, 2885043855, 418064015, 4349482632, 2527758476, 3069361299, 106798740, 93637779, 1102665366, 42081431, 4879397523, 18093218, 2513050795, 30973100, 17961649, 475274420, 4485831863, 214528184, 126665405, 512327871, 167621823, 870654146, 84982979, 1309141698, 4910151879, 2582353610, 137380559, 50567379, 3010614996, 35372757, 995212500, 549600981, 798687960, 1560856285, 2346138333, 2223867613, 2746041570, 860584166, 732903, 2227752679, 481728744, 543101673, 2451379435, 343442150, 2323305703, 920051438, 9188592, 1556853488, 3277256436, 805935860, 180885750, 860698362, 366823166, 18957055, 508211969, 279167748, 373077255, 187618058, 2563774736, 24100116, 57039652, 205090086, 2175324966, 3054471976, 222299436, 354395951, 56722736, 2927103282, 26043187, 73409332, 601385779, 80310070, 1561539391, 2795346754, 1452417348, 8524102, 708199243, 1576552782, 406784853, 2787076950, 75184478, 1166761314, 34929519, 73490800, 523439474, 889980282, 898681722, 20998010, 561310591, 2833154944, 71625602, 2881723782, 481458568, 37052297, 441063307, 22116240, 19419025, 2837232529, 1976799128, 428559259, 33084318, 3307237790, 2473416096, 26666917, 706067882, 2263754155, 1096465837, 570162094, 27487661, 2965046196, 22284734, 2543427014, 2266466760, 2652435918, 1130537934, 3845461457, 324676050, 553276371, 801050580, 451743701, 2450034645, 3093970392, 963260377, 23277531, 1216140252, 192959969, 487191523, 1558857194, 19659244, 4430663661, 3367277039, 3072300534, 1850293754, -1, 2835439615]|
RustyBradley74,0,0:59:18,-0.5,470,18,2266466760,|[403715681, 242618658, 186278633, 851106379, 366819502, 93637779, 101395252, 1372786812, -1, 512327871]|
OinomaosOGadari,256,0:59:31,0.375,938,0,538742876,[-1]
sflanigan01,222,0:59:32,-0.5,362,23,262855072,|[704006510523904000, -1, 2985438850, 923885029, 3368649063, 261749735, 3951725801, 239760871, 4822094443, 441063307, 1555331312, 889024146, 343201332, 2174509045, 393190233, 865472892, 3246358172, 438050333, 3452894301]|
trump_al,4,0:59:36,0.0,78,1,710050616299679744,|[701285115574378496, -1]|
Trial_Watcher1,1,0:59:44,-0.125,2205,46,1560856285,|[704403865714630656, 279167748, 4349482632, 2471135371, 1564676498, 3069361299, 93637779, 3663579675, 369029151, 62452257, 242618658, 2513050795, 26043187, 101395252, 3041625663, 291650241, 84982979, 2713177031, 1147086920, 1675606220, 553276371, 62829146, 192959969, 46303458, 487191523, 1558857194, 2451379435, 270943100, -1]|
Entrepreneurs4T,7,0:59:44,0.125,2572,64,701285115574378496,|[704006510523904000, 708883212605456384, 707965319202136064, 4881074567, 19264136, 3951026057, 2473143948, 174025101, 3310185230, 4718047119, 190878483, 21579796, 4583867542, 16058649, 3663579675, 829735580, 2949051936, 242618658, 3054471976, 4865017525, 257643702, 41165751, 1618641848, 2650426551, 4926495803, 3155025981, 3309422527, 3923899456, 291650241, 2713177031, 3388611785, 2652435918, 33810385, 995212500, 3876509782, 4786132700, 2346138333, 21866085, 923885029, 261749735, 4822094443, 2903166449, 39179764, 2174509045, 3219094901, 230435960, 54052856, 884413560, 267021306, 249504637, -1, 2619163263]|
sandyriccobono,256,0:59:45,0.375,924,43,2725704808,|[704006510523904000, 2745750277, 305547528, 16585101, 889024146, 93637779, 829735580, 438050333, 242618658, 366819502, 101395252, 1618641848, 4926495803, 2713177031, 3248410062, 35372757, 885733974, 393190233, 3452894301, 46303458, 923885029, 261749735, 606507498, 1555331312, 2903166449, 230435960, 54052856, -1]|
RNRPennsylvania,0,0:59:46,0.125,4003,70,2985438850,|[707965319202136064, 305547528, 2799895176, 2471135371, 889024146, 3069361299, 93637779, 829735580, 438050333, 262855072, 242618658, 1280947238, 2263754155, 1096465837, 366819502, 26043187, 101395252, 1618641848, 3730691774, 1561539391, 1931562048, 2882972224, 22284734, 4229690179, 167621823, 813307975, 1147086920, 851106379, 553276371, 838399572, 2450034645, 406784853, 393190233, 3452894301, 403715681, 487191523, 21866085, 261749735, 239760871, 28006508, 1556853488, 2903166449, 805935860, 482471798, 230435960, 889980282, 1850293754, 1372786812, -1, 561310591]|
feeonly77,20,1:00:01,0.125,846,8,2563774736,|[261749735, 885733974, 1618641848, 829735580, 1372786812, -1]|
MarineCorps98,5,1:00:01,0.0,368,20,4061705121,|[3923899456, 708587530854092800, 46303458, 261749735, 186278633, 3951725801, 471062544, 2903166449, 4865017525, 885733974, 1618641848, 393190233, 4926495803, 249504637, 3452894301, -1]|
SandiErtzberger,48,1:00:10,0.5,109,8,4115698498,|[704006510523904000, -1, 2903166449, 54052856, 3246358172, 3155025981, 438050333, 1561539391]|
LarryJo28613818,3,1:00:14,-0.625,106,10,2448401858,|[261749735, 239760871, 2903166449, 4865017525, 3876509782, 1618641848, 829735580, -1]|
vox4america,222,1:00:25,-0.5,2079,92,704006510523904000,|[701285115574378496, 705108555288985601, 2833154944, 706175502097227777, 1608965634, 67503749, 305547528, 3717779592, 187618058, 3951026057, 19264136, 196122636, 441063307, 4718047119, 3060448016, 35365137, 471062544, 190878483, 2298743826, 889024146, 4180352153, 4145327770, 829735580, 3246358172, 262855072, 242618658, 3054471976, 706067882, 344811563, 2547127850, 3095458611, 3681838516, 4865017525, 2650426551, 214528184, 4480906040, 2485550138, 4926495803, 3155025981, 748477502, 1561539391, 291650241, 4305818178, 3197533890, 27491396, 2325020102, 2386894920, 4529760329, 2652435918, 33810385, 4796947155, 561643604, 35372757, 613796565, 885733974, 2159030744, 406784853, 4786132700, 2346138333, 4539392354, 3878109028, 923885029, 1223685223, 261749735, 3951725801, 239760871, 4822094443, 1556853488, 2903166449, 3253946096, 4853913459, 2918607348, 3219094901, 1555331312, 77688823, 230435960, 54052856, 884413560, 249504637, -1, 2619163263]|
bcg1998,256,1:00:43,0.375,2162,21,26666917,|[192959969, 242618658, 46303458, 30973100, 28006508, 366819502, 101395252, 885733974, 1618641848, 393190233, 829735580, 126665405, -1]|
CarolBuie2,22,1:00:51,0.0,250,24,4725227294,|[704006510523904000, 242618658, 18093218, 4305818178, 23433605, 261749735, 305547528, 3951725801, 4318652593, 33810385, 190878483, 2903166449, 2650426551, 230435960, 54052856, 4786132700, 829735580, 3452894301, -1]|
Joshilypuff,5,1:00:51,0.5,1143,14,866034313,|[242618658, 3303507079, 2471135371, 101395252, 889980282, -1]|
DanielGoodfell3,23,1:00:54,0.0,196,0,4831088794,[-1]
sdv92,2,1:01:15,0.125,13225,132,1931562048,|[419256844, 1126515734, 3663579675, 438050333, 369029151, 62452257, 2882972224, 1147086920, 2197108820, 885733974, 62829146, 874724448, 403715681, 21866085, 28006508, 3408556659, 1372786812, 2985438850, 3303507079, 467101832, 4349482632, 2471135371, 889024146, 3069361299, 93637779, 4583867542, 42081431, 4180352153, 829735580, 18093218, 211990186, 2513050795, 366819502, 4318652593, 2302191793, 17961649, 214528184, 126665405, 167621823, 84982979, 20442820, 3388611785, 1675606220, 137380559, 995212500, 2223867613, 46303458, 543101673, 2451379435, 1556853488, 3253946096, 180885750, 81120503, 18957055, 508211969, 279167748, 2745750277, 76064527, 24100116, 242618658, 57039652, 205090086, 3054471976, 222299436, 26043187, 101395252, 80310070, 1561539391, 406784853, 2787076950, 1321056600, 393190233, 88861017, 1166761314, 3368649063, 34929519, 871262071, 2833154944, 19419025, 33084318, 427028916, 2965046196, 1618641848, 22284734, 2325020102, 2713177031, 25725899, 2652435918, 3248410062, 3845461457, 553276371, 192959969, 261749735, 239760871, 606507498, 4430663661, 2903166449, 2174509045, 3072300534, 267021306, -1]|
martylawson,48,1:01:15,0.5,3853,55,57039652,|[4349482632, 76064527, 3069361299, 93637779, 829735580, 62452257, 3054471976, 706067882, 366819502, 101395252, 2650426551, 1618641848, 126665405, 1561539391, 1931562048, 167621823, 84982979, 1147086920, 851106379, 1675606220, 553276371, 995212500, 35372757, 885733974, 393190233, 403715681, 46303458, 261749735, 1556853488, 2903166449, 3253946096, 862831734, 889980282, 1372786812, -1]|
LakePatriot,256,1:01:20,0.375,1907,40,35372757,|[707965319202136064, 705448286749126656, 67503749, 3303507079, 428559259, 829735580, 3246358172, 57039652, 101395252, 1618641848, 125434041, 4529760329, 885733974, 3269495126, 393190233, 4786132700, 46303458, 606507498, 4822094443, 28006508, 4430663661, 34929519, 1556853488, 2903166449, 2999847544, 54052856, 884413560, -1]|
FrankFfurlan88,7,1:01:23,0.125,766,16,3845461457,|[1931562048, 46303458, 261749735, 4430663661, 1564676498, 101395252, 393190233, -1]|
brian_baudassi,107,1:01:24,0.0,46,9,3379415254,|[707965319202136064, 239760871, 261749735, 2903166449, 1618641848, 829735580, -1]|
,,,,,,67503749
,,,,,,3408556659
,,,,,,305547528
,,,,,,3054471976
,,,,,,2918607348
,,,,,,1675606220
,,,,,,3069361299
,,,,,,703637561957339136
,,,,,,703637561957339136
,,,,,,1561539391
,,,,,,20442820
,,,,,,2374775708
,,,,,,75184478
,,,,,,175228827
,,,,,,851106379
,,,,,,699352097641381888
,,,,,,2447021562
,,,,,,2447021562
,,,,,,703036137779036160
,,,,,,240974612
,,,,,,343201332
,,,,,,995212500
,,,,,,190878483
,,,,,,2985438850
,,,,,,366853135
,,,,,,2835439615
,,,,,,1096465837
,,,,,,366819502
,,,,,,1167939949
,,,,,,2415060564
,,,,,,851106379
,,,,,,41165751
,,,,,,715908017498226688
,,,,,,851106379
,,,,,,4786132700
,,,,,,2895855876
,,,,,,3359383738
,,,,,,4229690179
,,,,,,3605828904
,,,,,,3262728481
,,,,,,269960139
,,,,,,2985438850
,,,,,,2746041570
,,,,,,3368649063
,,,,,,1618641848
,,,,,,707298392226074624
,,,,,,565062169
,,,,,,2787076950
,,,,,,2227752679
,,,,,,2227752679
,,,,,,257643702
,,,,,,24100116
,,,,,,187618058
,,,,,,39242559
,,,,,,533444481
,,,,,,767851026
,,,,,,482471798
,,,,,,2954362544
,,,,,,17443185
,,,,,,1558857194
,,,,,,18789285
,,,,,,373077255
,,,,,,2390174370
,,,,,,3309422527
,,,,,,2485550138
,,,,,,2473416096
,,,,,,829735580
,,,,,,419256844
,,,,,,381806169
,,,,,,1639741434
,,,,,,2882972224
,,,,,,1564676498
,,,,,,58998146
,,,,,,561310591
,,,,,,4151759238
,,,,,,73490800
,,,,,,706714132762918912
,,,,,,93637779
,,,,,,2553493034
,,,,,,3069361299
,,,,,,4503215594
,,,,,,242618658
,,,,,,481728744
,,,,,,73490800
,,,,,,3950625196
,,,,,,2174509045
,,,,,,862831734
,,,,,,4318652593
,,,,,,63632175
,,,,,,313671566
,,,,,,1102665366
,,,,,,871262071
,,,,,,871262071
,,,,,,21603233
,,,,,,21603233
,,,,,,2691820789
,,,,,,100797624
,,,,,,1393625407
,,,,,,125434041
,,,,,,613796565
,,,,,,4865017525
,,,,,,270943100
,,,,,,532473961
,,,,,,4800728601
,,,,,,561643604
,,,,,,702291044
,,,,,,794824172
,,,,,,722420230048223232
,,,,,,2309093162
,,,,,,2159030744
,,,,,,889980282
,,,,,,19100629
,,,,,,27491396
,,,,,,1556853488
,,,,,,714616381
,,,,,,2511333536
,,,,,,4821375853
,,,,,,324676050
,,,,,,64290676
,,,,,,3092653102
,,,,,,100797624
,,,,,,2471135371
,,,,,,2619163263
,,,,,,4838872942
,,,,,,31125980
,,,,,,860584166
,,,,,,3288362353
,,,,,,1596970304
,,,,,,8524102
,,,,,,2799895176
,,,,,,487191523
,,,,,,2600578123
,,,,,,2600578123
,,,,,,426455932
,,,,,,4853913459
,,,,,,110035909
,,,,,,192959969
,,,,,,4910151879
,,,,,,709135631096553472
,,,,,,2920863859
,,,,,,3312838052
,,,,,,963260377
,,,,,,403715681
,,,,,,2582353610
,,,,,,2885043855
,,,,,,3299974706
,,,,,,2652435918
,,,,,,2685197624
,,,,,,26808675
,,,,,,705108555288985601
,,,,,,62829146
,,,,,,309176121
,,,,,,4180352153
,,,,,,195412602
,,,,,,2707703310
,,,,,,1564676498
,,,,,,15221391
,,,,,,2603856864
,,,,,,211950197
,,,,,,2603856864
,,,,,,3093970392
,,,,,,2674533054
,,,,,,898681722
,,,,,,100797624
,,,,,,838114771
,,,,,,46303458
,,,,,,105604742
,,,,,,2988540401
,,,,,,37052297
,,,,,,101395252
,,,,,,101395252
,,,,,,2415060564
,,,,,,23433605
,,,,,,42081431
,,,,,,885733974
,,,,,,619520469
,,,,,,2918864866
,,,,,,2325020102
,,,,,,2220100134
,,,,,,743923398
,,,,,,743923398
,,,,,,708199243
,,,,,,475274420
,,,,,,2549207970
,,,,,,838904148
,,,,,,748477502
,,,,,,4879397523
,,,,,,3219094901
,,,,,,3219094901
,,,,,,296627383
,,,,,,2263754155
,,,,,,4485831863
,,,,,,706067882
,,,,,,19832102
,,,,,,35365137
,,,,,,708484539916673025
,,,,,,25725899
,,,,,,710199054513246208
,,,,,,2263754155
,,,,,,575813393
,,,,,,4529760329
,,,,,,369029151
,,,,,,898681722
,,,,,,3155025981
,,,,,,471062544
,,,,,,3723481395
,,,,,,1228544646
,,,,,,2457189756
,,,,,,186278633
,,,,,,22284734
,,,,,,115803389
,,,,,,700867329140383744
,,,,,,805935860
,,,,,,3858734717
,,,,,,21866085
,,,,,,2346138333
,,,,,,601385779
,,,,,,2999847544
,,,,,,2298743826
,,,,,,4539392354
,,,,,,3602627300
,,,,,,2954362544
,,,,,,708199243
,,,,,,56722736
,,,,,,533098601
,,,,,,533098601
,,,,,,708587530854092800
,,,,,,3681838516
,,,,,,2990590396
,,,,,,813307975
,,,,,,214528184
,,,,,,708199243
,,,,,,708199243
,,,,,,3602627300
,,,,,,2302191793
,,,,,,1400504629
,,,,,,4324918820
,,,,,,344811563
,,,,,,14787799
,,,,,,19419025
,,,,,,183729766
,,,,,,3269495126
,,,,,,2795346754
,,,,,,553276371
,,,,,,33810385
,,,,,,393190233
,,,,,,3951163695
,,,,,,1147086920
,,,,,,2171200586
,,,,,,467101832
,,,,,,27303015
,,,,,,217263660
,,,,,,2450034645
,,,,,,101395252
,,,,,,1887308995
,,,,,,321775954
,,,,,,4480906040
,,,,,,366823166
,,,,,,72194390
,,,,,,3314744744
,,,,,,4337549712
,,,,,,3316195462
,,,,,,4046476212
,,,,,,4046476212
,,,,,,418064015
,,,,,,2837232529
,,,,,,3288362353
,,,,,,2415060564
,,,,,,1939073719
,,,,,,3479557457
,,,,,,54052856
,,,,,,2833154944
,,,,,,54052856
,,,,,,4856145406
,,,,,,354395951
,,,,,,2451379435
,,,,,,2471135371
,,,,,,1223685223
,,,,,,261749735
,,,,,,261749735
,,,,,,2471135371
,,,,,,4784208079
,,,,,,596843174
,,,,,,860698362
,,,,,,860698362
,,,,,,860698362
,,,,,,2547127850
,,,,,,205090086
,,,,,,870654146
,,,,,,321775954
,,,,,,321775954
,,,,,,2175324966
,,,,,,1280947238
,,,,,,1976799128
,,,,,,291650241
,,,,,,230435960
,,,,,,706175502097227777
,,,,,,708199243
,,,,,,101395252
,,,,,,4205558091
,,,,,,870654146
,,,,,,543101673
,,,,,,167621823
,,,,,,4510571549
,,,,,,2903166449
,,,,,,81120503
,,,,,,3375660695
,,,,,,570162094
,,,,,,710199182011867136
,,,,,,3248410062
,,,,,,19659244
,,,,,,865472892
,,,,,,446517785
,,,,,,385296434
,,,,,,1623977834
,,,,,,49431141
,,,,,,3372671914
,,,,,,512234077
,,,,,,264695663
,,,,,,469086244
,,,,,,889024146
,,,,,,27487661
,,,,,,34929519
,,,,,,62452257
,,,,,,708883212605456384
,,,,,,707965319202136064
,,,,,,523439474
,,,,,,4180736069
,,,,,,3306237726
,,,,,,3461154810
,,,,,,19659244
,,,,,,355569274
,,,,,,1556853488
,,,,,,2223867613
,,,,,,406784853
,,,,,,1040408522
,,,,,,875142642
,,,,,,704130750644244480
,,,,,,343442150
,,,,,,36703948
,,,,,,2555068705
,,,,,,78046261
,,,,,,2650426551
,,,,,,235852609
,,,,,,345484611
,,,,,,21579796
,,,,,,174025101
,,,,,,4899398634
,,,,,,3279690919
,,,,,,2357647951
,,,,,,3246358172
,,,,,,884413560
,,,,,,2949051936
,,,,,,1062723764
,,,,,,23277531
,,,,,,276600247
,,,,,,935145523
,,,,,,935145523
,,,,,,2959156805
,,,,,,18093218
,,,,,,2521147680
,,,,,,438050333
,,,,,,418103027
,,,,,,71625602
,,,,,,121556102
,,,,,,2998221731
,,,,,,3492855441
,,,,,,62452257
,,,,,,3741732976
,,,,,,883520581
,,,,,,30646793
,,,,,,3760379429
,,,,,,237371738
,,,,,,1850293754
,,,,,,2901421116
,,,,,,4902254734
,,,,,,2881723782
,,,,,,4504870392
,,,,,,3146447561
,,,,,,2914529775
,,,,,,249504637
,,,,,,798687960
,,,,,,1705484160
,,,,,,3878109028
,,,,,,704238028085014529
,,,,,,4145327770
,,,,,,603074585
,,,,,,49390987
,,,,,,944470134
,,,,,,2437305048
,,,,,,2241717492
,,,,,,3069361299
,,,,,,2790188549
,,,,,,101395252
,,,,,,2178404130
,,,,,,2598626214
,,,,,,1576552782
,,,,,,4796947155
,,,,,,1126515734
,,,,,,188952581
,,,,,,64272430
,,,,,,1416768523
,,,,,,3717779592
,,,,,,874724448
,,,,,,3951026057
,,,,,,4240514358
,,,,,,125910363
,,,,,,3295714188
,,,,,,4926495803
,,,,,,3296019816
,,,,,,188952581
,,,,,,2223867613
,,,,,,4800728601
,,,,,,2523556454
,,,,,,88861017
,,,,,,3253946096
,,,,,,519282884
,,,,,,2763687557
,,,,,,707298392226074624
,,,,,,705448286749126656
,,,,,,15712871
,,,,,,19264136
,,,,,,4881074567
,,,,,,541086423
,,,,,,180885750
,,,,,,326957730
,,,,,,205472863
,,,,,,3876509782
,,,,,,549600981
,,,,,,20998010
,,,,,,709854549171896320
,,,,,,1555331312
,,,,,,2965046196
,,,,,,2415060564
,,,,,,80973698
,,,,,,4926495803
,,,,,,16058649
,,,,,,22116240
,,,,,,3951725801
,,,,,,3951725801
,,,,,,4349482632
,,,,,,4349482632
,,,,,,4349482632
,,,,,,4349482632
,,,,,,2496647126
,,,,,,3600539122
,,,,,,50567379
,,,,,,101395252
,,,,,,2197108820
,,,,,,874724448
,,,,,,50567379
,,,,,,1895672233
,,,,,,2588059406
,,,,,,298686978
,,,,,,230597725
,,,,,,2473143948
,,,,,,192692803
,,,,,,3310185230
,,,,,,2558027593
,,,,,,2858271148
,,,,,,267021306
,,,,,,2858271148
,,,,,,33084318
,,,,,,4516076294
,,,,,,18957055
,,,,,,2858271148
,,,,,,954801054
,,,,,,703280060338286592
,,,,,,18957055
,,,,,,1130537934
,,,,,,2713177031
,,,,,,4926495803
,,,,,,4926495803
,,,,,,1238567425
,,,,,,2288290041
,,,,,,2323305703
,,,,,,4928174176
,,,,,,289351782
,,,,,,2386894920
,,,,,,84982979
,,,,,,829735580
,,,,,,829735580
,,,,,,3663579675
,,,,,,704403865714630656
,,,,,,3365144177
,,,,,,706620250372964352
,,,,,,2914529775
,,,,,,481458568
,,,,,,295195137
,,,,,,3307237790
,,,,,,4583867542
,,,,,,21245507
,,,,,,2745750277
,,,,,,366938737
,,,,,,1608965634
,,,,,,3452894301
,,,,,,64272430
,,,,,,16585101
,,,,,,101395252
,,,,,,2553547278
,,,,,,25971460
,,,,,,3307237790
,,,,,,279167748
,,,,,,2945186344
,,,,,,3072300534
,,,,,,196122636
,,,,,,239760871
,,,,,,289351782
,,,,,,254375406
,,,,,,2996908511
,,,,,,825351942
,,,,,,17961649
,,,,,,32877719
,,,,,,1166761314
,,,,,,3095458611
,,,,,,2837232529
,,,,,,167358512
,,,,,,167358512
,,,,,,81189820
,,,,,,268959807
,,,,,,3886653026
,,,,,,2149677560
,,,,,,354440308
,,,,,,861625476
,,,,,,77688823
,,,,,,2725924351
,,,,,,211990186
,,,,,,4305818178
,,,,,,862262467
,,,,,,3197533890
,,,,,,94999981
,,,,,,1452417348
,,,,,,43485094
,,,,,,25550683
,,,,,,34467919
,,,,,,2513050795
,,,,,,2513036311
,,,,,,2527758476
,,,,,,43485094
,,,,,,137380559
,,,,,,1309141698
,,,,,,708199243
,,,,,,923885029
,,,,,,1372786812
,,,,,,1647887558
,,,,,,3069361299
,,,,,,441063307
