RemyKyd,21,0:00:00,0.25,969,0,2831716679,[-1]
Jvirden22,1,0:01:00,0.75,2,127,812165202,|[604195584, 720896389, 2391870344, 3182189198, 132337948, 11332012, 708743923531784192, 23879728, 1448244912, 3220025137, 4907645052, 331918779, 2347719997, 1135261376, 2838346176, 588843333, 18353097, 1013374544, 802584787, 145087572, 441338964, 4804089938, 3885245652, 2943386337, 550136179, -1, 124896632, 3193944696, 485923710]|
VictorB836,29,0:01:00,0.375,1921,0,344477327,[-1]
NMwomen4Bernie,55,0:01:00,0.0,46,0,3234605299,[-1]
iamshunkwugga,15,0:01:00,0.25,259,84,704517600198307840,|[1306313984, 720896389, 3182189198, 38378898, 3976021402, 3257591580, 189806241, 615599662, 3193944696, 3220025137, 262273722, 35336511, 2838346176, 212023751, 37413577, 4907495117, 1013374544, 4804089938, 93727830, 3402676565, 1392851928, 3382135659, 1323165422, 886886510, 550136179, 705146476788224001, 2292076411, -1]|
JMP_Mulcahy,0,0:01:00,0.5,2320,0,2993440827,[-1]
feathersnpaws,7,0:01:00,-0.375,73,579,24566830,|[4550840832, 3300942849, 166534146, 2443083780, 710229554179084288, 17054728, 217513485, 2788209677, 853801490, 10487832, 4884090904, 33995295, 172032031, 12903462, 22502439, 15995432, 615599662, 378024494, 23879728, 276209711, 3403645486, 242980410, 383085116, 708893776794755072, 465377860, 59693131, 2710813772, 1013374544, 18254417, 249893457, 17203795, 145087572, 4804089938, 706340748317343745, 19134557, 286408288, 707332520656809989, 16323682, 707447989921570816, 17452651, 514038892, 4884436077, 1164224114, 3072748658, 30528628, 901537399, 3193944696, 2512824441, 17112700, 4907645052, 47899263, 352431233, 3035660929, 414948997, 1644805254, 304132230, 219947655, 3182189198, 299929232, 420879508, 3368690836, 35208860, 3467193499, 189806241, 4183971489, 24088739, 47785124, 595207333, 20523175, 16849063, 3177941678, 2177428656, 394260665, 2981133503, 3594364096, 1135261376, 1146946760, 32347848, 3313700041, 58525387, 585032395, 4907495117, 224864463, 3697993936, 298508497, 802584787, 2329733839, 469483224, 4270034653, 842868962, 3354099425, 2943386337, 1323165422, 4261397233, 2287108850, 3234605299, 3226781938, 334293750, 580408564, 4820846326, 117455101, 1306313984, 604195584, 14297863, 66739464, 1229007625, 2822802185, 114115853, 833558286, 14605073, 576215318, 67746074, 3257591580, 607558430, 358410527, 3420340515, 17719592, 98737961, 635288874, 255299883, 138862380, 241776425, 4925201710, 2985270576, 3220025137, 914482993, 3311032628, 988425014, 526119734, 2651777845, 2231154998, 3296663354, 2347719997, 35336511, 707050439305342976, 24247106, 2307296066, 3305472835, 312475466, 695739791757963264, 4765217102, 18008403, 4421940561, 2868251478, 4784980309, 19171162, 245689692, 37131103, 4490534239, 1414627170, 96894306, 2163208544, 3324561251, 143115107, 3358658409, 3382135659, 550136179, 710636057130209281, 2679788407, 124896632, 2292076411, 3711496576, 989973378, 215026562, 344772996, 720896389, 16088456, 2565984139, 1009956750, 1512079760, 484983185, 38378898, 4893228947, 3308524436, 75318169, 3309704088, 1188002203, 204809629, 43414431, 2250899358, 3227476896, 3240278953, 201359275, 11332012, 545474475, 2229483438, 3883484594, 3366877630, 4470064574, 2838346176, 23676863, 31223236, 18353097, 3438469581, 18548184, 94076386, 197621220, 707311380936806400, 317907435, 8287732, 177357302, 3900616693, 17027579, -1]|
abioluboode,20,0:01:00,0.375,6795,3,4851312853,|[3784601953, 3217694460, -1]|
_cosmokeysha,123,0:01:00,0.75,200,0,3306256278,[-1]
alp3661,0,0:01:00,0.0,816,78,37683113,|[14297863, 17431441, 3368690836, 576215318, 3309704088, 3467193499, 189806241, 4183971489, 15995432, 11332012, 66590126, 2985270576, 2651777845, 76936250, 97300546, 708893776794755072, 31223236, 3000529355, 2710813772, 4765217102, 3697993936, 1013374544, 4804089938, 16829397, 4784980309, 3226586716, 23341160, 317907435, 3382135659, 2396554608, 177357302, 901537399, -1, 4907645052]|
moran1998_moran,30,0:01:00,0.0,1134,0,2704926517,[-1]
ktnicoll87,197,0:01:00,0.25,5194,0,62743904,[-1]
keyserlynnv,0,0:01:00,0.0,6593,0,4880284084,[-1]
sanders4all,13,0:01:00,0.0,1843,245,4470064574,|[166534146, 2443083780, 112971281, 1652838942, 15995432, 3344033836, 24566830, 276209711, 23879728, 3403645486, 76936250, 4665743419, 59693131, 93727830, 286408288, 707332520656809989, 2818206308, 4847691876, 707447989921570816, 23341160, 17452651, 3807124593, 2512824441, 17112700, 4907645052, 47899263, 352431233, 3182189198, 420879508, 189806241, 4183971489, 701249070774489089, 20523175, 3177941678, 281781436, 80350908, 2981133503, 3594364096, 224864463, 4907495117, 298508497, 802584787, 3885245652, 469483224, 4270034653, 3463679714, 1323165422, 1544325361, 2365960436, 604195584, 2376137988, 703606634262581252, 576215318, 1350480668, 3257591580, 358410527, 3420340515, 4925201710, 988425014, 3296663354, 130517826, 3305472835, 4765217102, 4421940561, 4784980309, 4916544857, 4845420380, 4860478813, 2163208544, 2318139746, 3382135659, 550136179, 710636057130209281, 124896632, 2679788407, 3711496576, 703267155740127233, 344772996, 16088456, 1853154188, 38378898, 75318169, 3309704088, 701250710013345792, 204809629, 43414431, 2250899358, 4870092732, 3366877630, 2838346176, 885633499, 47680487, 14421994, 8287732, 705146476788224001, 17027579, -1]|
ktnicoll87,171,0:01:00,0.0,3432,0,62743904,[-1]
foreverrpaola,126,0:01:00,0.0,405,1,582272252,|[1682456251, -1]|
MamaBear64,15,0:01:00,0.25,541,164,17302067,|[3035660929, 40788228, 2443083780, 720896389, 975136262, 14297863, 1229007625, 1009956750, 299929232, 853801490, 3257591580, 3420340515, 17719592, 252283563, 615599662, 1448244912, 2985270576, 3220025137, 3230944180, 3839311094, 3296663354, 2347719997, 1887263564, 2561473995, 1130275662, 4527097936, 93727830, 4845420380, 3381197279, 4490534239, 2231994344, 3382135659, 70374894, 1323165422, 8287732, 177357302, 901537399, 2512824441, -1]|
RenRandall,171,0:01:00,0.0,73,0,192912919,[-1]
ideasloop,0,0:01:00,1.75,1134,0,421105572,[-1]
rafie281,20,0:01:00,-0.5,5194,210,27518994,|[3711496576, 4550840832, 124896632, 720896389, 2376137988, 125547397, 18819079, 3909497352, 135765769, 435215755, 19970954, 3182189198, 112971281, 484983185, 3906077714, 3308524436, 576215318, 75318169, 334330779, 3257591580, 607558430, 2250899358, 4183971489, 701249070774489089, 3420340515, 20523175, 15995432, 3240278953, 11332012, 3171738157, 3403645486, 23879728, 2985270576, 3220025137, 15964210, 1448244912, 3193944696, 988425014, 16559543, 242980410, 3839311094, 3296663354, 4665743419, 80350908, 35336511, 2838346176, 97300546, 130517826, 3365171523, 588843333, 708893776794755072, 3440881344, 1146946760, 31223236, 2561473995, 3000529355, 3438469581, 1013374544, 3697993936, 18254417, 4527097936, 298508497, 4421940561, 17203795, 4784980309, 4916544857, 19134557, 4860478813, 286408288, 2728190695, 1323165422, 391720047, 3417650165, 901537399, 2679788407, 710636057130209281, 2512824441, -1, 4907645052]|
TwistedFog,36,0:01:00,-0.375,46,7,3041056268,|[59767969, 215996801, -1, 197621220, 3273654205]|
bayarea_bias,46,0:01:00,0.375,122,104,788545194,|[1306313984, 604195584, 166534146, 3711496576, 720896389, 17054728, 435215755, 576215318, 75318169, 3257591580, 2250899358, 702346657506193409, 4183971489, 701249070774489089, 15995432, 635288874, 4608693673, 11332012, 161921581, 3403645486, 1448244912, 2985270576, 254793266, 4705974577, 80350908, 579221693, 708893776794755072, 312475466, 705146476788224001, 1013374544, 298508497, 22250337, 709960657354018816, 317907435, 550136179, 8287732, 3417650165, 710636057130209281, -1, 3193944696, 4907645052, 47899263]|
WaAmaLionTruth,0,0:01:00,0,23,0,788545194,[-1]
JessKerr16,189,0:01:00,-0.75,295,2,4776280032,|[1013374544, 4183971489, -1]|
IanMolony,75,0:01:00,0.0,23,738,2443083780,|[166534146, 17054728, 2399398411, 217513485, 2788209677, 112971281, 853801490, 10487832, 4884090904, 17756195, 15995432, 3344033836, 24566830, 615599662, 378024494, 23879728, 276209711, 17302067, 315731502, 15964210, 3403645486, 1510787130, 76936250, 242980410, 4665743419, 705240096849530880, 180508746, 59693131, 2710813772, 1013374544, 18254417, 874700370, 249893457, 145087572, 441338964, 93727830, 4804089938, 93765208, 375725650, 17203795, 21615707, 58746974, 138875488, 286408288, 16323682, 707332520656809989, 2818206308, 4847691876, 707447989921570816, 3007401576, 17452651, 514038892, 391720047, 1164224114, 901537399, 3193944696, 2512824441, 17112700, 710777363370352640, 47899263, 3035660929, 2682092162, 1644805254, 3150275718, 219947655, 3182189198, 473730704, 3368690836, 2706594966, 3467193499, 189806241, 4183971489, 24088739, 701249070774489089, 3382413989, 20523175, 38008488, 3177941678, 2177428656, 4856467638, 394260665, 281781436, 17904317, 37132478, 579221693, 20863676, 3594364096, 80350908, 3440881344, 324636866, 1135261376, 37413577, 4907495117, 2329733839, 3697993936, 802584787, 2750105810, 3885245652, 43561687, 708731366897127425, 4270034653, 703016119112568832, 706315757265641472, 3463679714, 1323165422, 2287108850, 316809461, 2365960436, 3839311094, 1611828986, 166001916, 254818045, 703694587605307392, 1306313984, 604195584, 42300159, 40788228, 703606634262581252, 4674511622, 135765769, 1229007625, 1853262091, 152795399, 66739464, 14297863, 14757644, 576215318, 132337948, 55816989, 1682190110, 358410527, 3257591580, 1350480668, 3420340515, 59908391, 83717415, 241776425, 635288874, 268323119, 4925201710, 914482993, 3220025137, 4222254388, 988425014, 2651777845, 3296663354, 705590278107729920, 2347719997, 14782782, 1092600128, 130517826, 3305472835, 2839456584, 312475466, 2557120332, 284383568, 4765217102, 18008403, 4421940561, 4498870097, 3402676565, 2182648662, 4784980309, 19171162, 367750490, 4916544857, 4845420380, 37131103, 4860478813, 4490534239, 96894306, 710962570488881154, 709162675452903424, 2318139746, 536605175, 3382135659, 388479343, 2396554608, 550136179, 3180726133, 710636057130209281, 2679788407, 124896632, 3816647542, 3769260919, 257803133, 1344797053, 1240234368, 3711496576, 720896389, 1529809286, 16088456, 2391870344, 3263253388, 1512079760, 17431441, 484983185, 4851725715, 31450005, 3308524436, 75318169, 3309704088, 1188002203, 701250710013345792, 204809629, 3976021402, 43414431, 2250899358, 3227476896, 1108993952, 4797427108, 2281349545, 201359275, 11332012, 66590126, 708743923531784192, 2229483438, 2385287599, 3883484594, 3230944180, 517295547, 709499317661343744, 4870092732, 3366877630, 4470064574, 2838346176, 18353097, 2561473995, 40601552, 394176982, 18548184, 1392851928, 885633499, 94076386, 47680487, 34349031, 2231994344, 707311380936806400, 317907435, 4848722925, 702361404179873792, 8287732, 3417650165, 177357302, 1026764281, 17027579, -1]|
baroqueartisan,24,0:01:00,0.125,232,0,145087572,[-1]
jennycatotally,126,0:01:00,0.0,16,0,3006686977,[-1]
ladyjulbug,0,0:01:00,-0.125,2142,205,1026764281,|[4550840832, 166534146, 2443083780, 14297863, 16088456, 4668331400, 484983185, 853801490, 3906077714, 3308524436, 576215318, 22718873, 3309704088, 1188002203, 1350480668, 3257591580, 132348576, 4183971489, 701249070774489089, 201359275, 66590126, 4581309612, 3177941678, 3220025137, 3230944180, 526119734, 2651777845, 394260665, 3839311094, 2347719997, 3366877630, 35336511, 3594364096, 97300546, 1135261376, 708893776794755072, 1146946760, 585032395, 40601552, 18254417, 1013374544, 4421940561, 4804089938, 2868251478, 17927511, 4784980309, 19134557, 4845420380, 138875488, 3178630752, 94076386, 3463679714, 383385447, 23341160, 707311380936806400, 95963751, 3382135659, 1323165422, 2365960436, 710636057130209281, 901537399, -1]|
cruise_peter,6,0:01:00,0.0,83,0,2908423338,[-1]
indigoace40,47,0:01:00,0.25,118,0,2806316010,[-1]
davidlmoffett,71,0:01:00,0.0,2142,7,917605332,|[138875488, 550136179, -1]|
keyserlynnv,0,0:01:00,0.0,1105,0,4880284084,[-1]
baroqueartisan,17,0:02:00,0.0,140,0,145087572,[-1]
richyfeIix,7,0:02:00,0.0,473,0,145087572,[-1]
NMwomen4Bernie,11,0:02:00,0.25,79,0,3234605299,[-1]
greenmitera,1,0:02:00,0.0,76,113,114115853,|[3141672447, 86164231, 16088456, 21281289, 1229007625, 66739464, 2680015243, 299929232, 10487832, 75318169, 3257591580, 607558430, 33995295, 2250899358, 189806241, 172032031, 358410527, 201359275, 24566830, 16020526, 3403645486, 17589041, 2985270576, 31223236, 192034761, 59693131, 802584787, 4804089938, 5944152, 18548184, 4270034653, 37131103, 2863981279, 702776040, 3382135659, 1323165422, 16474992, 3226781938, 3234605299, 8287732, 901537399, 3193944696, -1]|
RealHClinton,0,0:02:00,0.0,2643,0,4850990954,[-1]
angel_berina,64,0:02:00,0.25,558,0,3109004874,[-1]
_brianna09,5,0:02:00,0.0,232,0,3241078070,[-1]
maimmee,0,0:02:00,0.5,1736,2,275205040,|[2985270576, -1, 901537399]|
VictorB836,45,0:02:00,0.5,15,0,344477327,[-1]
marthaflores_,64,0:02:00,0.25,626,0,722543574,[-1]
drwhovian51,0,0:02:00,0.0,59,0,2419764210,[-1]
Wild_Card09,3,0:02:00,0.375,271,627,2347719997,|[3300942849, 166534146, 2443083780, 62117895, 18819079, 17054728, 2788209677, 3906077714, 331212308, 1472542232, 204584481, 1170545190, 17129511, 15995432, 24566830, 615599662, 3171738157, 23879728, 276209711, 17302067, 3403645486, 2375562804, 76936250, 708893776794755072, 59693131, 1013374544, 18254417, 812165202, 249893457, 145087572, 4804089938, 93727830, 17203795, 4793981017, 3226586716, 138875488, 286408288, 16323682, 707332520656809989, 707447989921570816, 3648946277, 23341160, 340534889, 17452651, 514038892, 1164224114, 901537399, 259121785, 2512824441, 3193944696, 17112700, 158846588, 4907645052, 47899263, 2682092162, 1644805254, 4365927557, 219947655, 3182189198, 473730704, 299929232, 3368690836, 3467193499, 189806241, 4183971489, 20523175, 4581309612, 2177428656, 4856467638, 394260665, 579221693, 3594364096, 3440881344, 1146946760, 3313700041, 58525387, 4907495117, 95443152, 3697993936, 298508497, 802584787, 43561687, 708731366897127425, 4270034653, 2943386337, 3896318180, 1323165422, 2287108850, 3234605299, 2365960436, 3226781938, 3839311094, 1306313984, 604195584, 40788228, 17266436, 14297863, 3161243399, 135765769, 1229007625, 1853262091, 66739464, 118159121, 2891477268, 576215318, 3676418836, 67746074, 132337948, 55816989, 607558430, 358410527, 3257591580, 3420340515, 1866469158, 17719592, 98737961, 635288874, 885681968, 2985270576, 3220025137, 988425014, 2651777845, 4200373047, 3296663354, 35336511, 130517826, 2307296066, 3365171523, 3305472835, 2839456584, 1130275662, 4765217102, 18008403, 4421940561, 4784980309, 4916544857, 37131103, 4860478813, 4490534239, 96894306, 2163208544, 3382135659, 550136179, 710636057130209281, 3816647542, 2679788407, 766008188, 257803133, 1344797053, 485923710, 3711496576, 989973378, 344772996, 720896389, 575779204, 16088456, 2391870344, 19970954, 2565984139, 1009956750, 1512079760, 17431441, 3308524436, 75318169, 3309704088, 334330779, 1188002203, 204809629, 2567066010, 43414431, 2250899358, 3976021402, 483473315, 3240278953, 11332012, 66590126, 2385287599, 3883484594, 4880284084, 821842872, 4870092732, 3366877630, 23676863, 2838346176, 31223236, 18353097, 2561473995, 40601552, 18548184, 1392851928, 885633499, 94076386, 54446563, 222039522, 47680487, 707311380936806400, 1265250283, 8287732, 177357302, 1026764281, -1]|
_brianna09,2,0:02:00,0.125,44561,0,3241078070,[-1]
filthypinhead,7,0:02:00,0.0,175,6,811374666,|[1730449195, 926677328, 455428468, 3241078070, 568718716, -1]|
ReasonBrigade,13,0:02:00,0.25,286,96,87222866,|[1306313984, 604195584, 152795399, 2391870344, 576215318, 3257591580, 2250899358, 3382413989, 83717415, 3198007208, 635288874, 138862380, 11332012, 3171738157, 3220025137, 4222254388, 708893776794755072, 4765217102, 4845420380, 706315757265641472, 286408288, 47680487, 95963751, 3382135659, -1, 536605175, 17112700, 4907645052, 47899263]|
jamescipriano,356,0:02:00,1.75,662,0,59767969,[-1]
RealHClinton,0,0:02:00,0.0,321,0,4850990954,[-1]
swermpls,13,0:02:00,0.625,261,0,55465743,[-1]
keyserlynnv,0,0:02:00,0.0,317,0,4880284084,[-1]
Astro_journey,0,0:02:00,0.125,2134,0,4365927557,[-1]
miriam0329,8,0:02:00,0.125,147,1,432332935,|[2985270576, -1]|
BernieEventsOC,160,0:02:00,0.125,435,0,386033391,[-1]
thegarz,0,0:02:00,0.0,7717,25,21791206,|[3420340515, 23341160, 1146946760, 298508497, 4527097936, 145087572, 3193944696, -1]|
Sanders_4_POTUS,0,0:02:00,-0.125,6271,219,701250710013345792,|[604195584, 3711496576, 166534146, 3403470851, 125547397, 703606634262581252, 3150275718, 2391870344, 2399398411, 1853154188, 2788209677, 3263253388, 2565984139, 38378898, 853801490, 2706594966, 75318169, 3309704088, 3976021402, 132337948, 3257591580, 1350480668, 43414431, 2250899358, 358410527, 4183971489, 17756195, 15995432, 241776425, 161921581, 66590126, 3177941678, 23879728, 2985270576, 3220025137, 3403645486, 914482993, 2651777845, 4856467638, 394260665, 19131322, 4907645052, 281781436, 4665743419, 1135261376, 3594364096, 130517826, 2838346176, 3305472835, 180508746, 312475466, 349987535, 2329733839, 3697993936, 298508497, 17258834, 145087572, 4765217102, 2304319056, 43561687, 4845420380, 703016119112568832, 158846588, 707332520656809989, 70351584, 707447989921570816, 4887323243, 886886510, 550136179, 710636057130209281, -1, 124896632, 3193944696, 17112700, 485923710]|
indiecitizn,20,0:02:00,-0.5,104,0,3909497352,[-1]
RemyKyd,24,0:02:00,0.0,3097,0,2831716679,[-1]
gigglebits11,31,0:02:00,0.125,1799,6,4729675550,|[22718873, 2512824441, 708893776794755072, -1, 3403645486]|
zoeshelby1900,14,0:02:00,-0.375,63,0,264622276,[-1]
RealHClinton,0,0:02:00,0.0,305,0,4850990954,[-1]
gypsy_bby,7,0:02:00,0.0,17,5,926677328,|[347355845, 1677339655, 811374666, 1730449195, 455428468, -1]|
BernieEventsOC,68,0:02:00,1.125,78871,0,386033391,[-1]
espinosa_geri,7,0:02:00,0.0,1424,4,568718716,|[3325633040, 811374666, 1730449195, 455428468, -1]|
stewalaniz,0,0:02:00,0.0,1193,1,607531241,|[1308749244, -1]|
nospig,1276,0:02:00,0.5,3644,0,79347253,[-1]
zoe_blueeyesbae,10,0:02:00,-0.25,1756,0,2229587216,[-1]
swermpls,110,0:02:00,0.125,146,0,55465743,[-1]
Celtic_Barb,0,0:02:00,1.25,454,197,43561687,|[166534146, 3403470851, 3150275718, 16088456, 2391870344, 14297863, 2788209677, 1009956750, 299929232, 853801490, 576215318, 75318169, 1188002203, 33995295, 172032031, 358410527, 635288874, 2908423338, 11332012, 2651368746, 201359275, 23879728, 914482993, 3220025137, 2385287599, 24190388, 3230944180, 2651777845, 394260665, 3296663354, 2347719997, 5645502, 4870092732, 3594364096, 130517826, 100600895, 3365171523, 708893776794755072, 3313700041, 2329733839, 298508497, 4527097936, 18008403, 4804089938, 1013374544, 96894306, 94076386, 23341160, 3382135659, 1323165422, 901537399, 124896632, 3193944696, -1, 42300159]|
RemyKyd,23,0:03:00,0.0,3872,0,2831716679,[-1]
wallstsuperstar,7,0:03:00,-0.375,146,0,169017119,[-1]
baroqueartisan,17,0:03:00,0.25,212,0,145087572,[-1]
gkielec,28,0:03:00,0.125,627,31,227827584,|[2863981279, 18654401, 32745985, 358410527, 720896389, 90783594, 16020526, 324086895, 2985270576, 3188213971, 361505046, 2987102202, -1, 4860478813]|
evehnyc_eve,1,0:03:00,0.125,180,0,2614714148,[-1]
cruise_peter,45,0:03:00,0.5,2688,0,2908423338,[-1]
indiecitizn,30,0:03:00,0.125,1259,0,3909497352,[-1]
sophia_mahmud,437,0:03:00,0.0,109,7,3251967993,|[1146946760, 2838346176, 367750490, -1, 3711496576]|
kuriuskat,245,0:03:00,-0.125,862,138,441338964,|[1306313984, 166534146, 2443083780, 2343966982, 17054728, 135765769, 14297863, 217513485, 3182189198, 299929232, 4893770894, 3309704088, 132337948, 3257591580, 17129511, 17719592, 66590126, 3171738157, 3403645486, 2985270576, 3220025137, 3373085235, 3230944180, 988425014, 4200373047, 579221693, 4870092732, 164798144, 212023751, 312475466, 4765217102, 1013374544, 4421940561, 145087572, 2916844244, 4804089938, 4784980309, 731018712, 708731366897127425, 4916544857, 19134557, 286408288, 16323682, 709162675452903424, 710802336344580096, 1323165422, 702361404179873792, 8287732, 901537399, 4820846326, -1]|
redrabbitsnpow2,2,0:03:00,-0.5,1218,284,3906077714,|[1306313984, 166534146, 40788228, 720896389, 124896632, 975136262, 4674511622, 219947655, 4531734792, 1853262091, 286348171, 14297863, 1529809286, 299929232, 17431441, 112971281, 576215318, 4884090904, 3976021402, 132337948, 3257591580, 49430686, 4183971489, 17719592, 15995432, 38008488, 276209711, 3403645486, 2177428656, 3220025137, 3193944696, 3230944180, 988425014, 4200373047, 281781436, 80350908, 2347719997, 308821054, 4870092732, 3594364096, 2838346176, 3440881344, 708893776794755072, 31223236, 250821190, 585032395, 59693131, 284383568, 298508497, 4765217102, 4421940561, 559929936, 1013374544, 4784980309, 19171162, 2586324829, 4860478813, 4490534239, 94076386, 27127139, 143115107, 47680487, 2231994344, 4005092840, 2185661418, 3382135659, 514038892, 1323165422, 886886510, 550136179, 177357302, 901537399, 2679788407, 1026764281, 2512824441, -1, 42300159]|
RadioFreeBernie,0,0:03:00,0.5,454,305,132337948,|[604195584, 166534146, 40788228, 1853262091, 1853154188, 3263253388, 217513485, 3182189198, 299929232, 1512079760, 853801490, 3906077714, 420879508, 576215318, 3309704088, 1188002203, 3976021402, 43414431, 2250899358, 189806241, 4183971489, 24088739, 3420340515, 595207333, 17756195, 324489515, 11332012, 708743923531784192, 23879728, 2177428656, 2985270576, 15964210, 24190388, 3230944180, 526119734, 2651777845, 40482997, 914482993, 242980410, 579221693, 2347719997, 308821054, 3366877630, 707050439305342976, 97300546, 3594364096, 708893776794755072, 37413577, 585032395, 59693131, 2710813772, 3438469581, 1013374544, 4527097936, 485923710, 441338964, 16829397, 93727830, 4804089938, 18548184, 4784980309, 19171162, 238272731, 21615707, 4845420380, 703016119112568832, 3178630752, 47680487, 136151527, 710802336344580096, 886886510, 550136179, 710636057130209281, -1, 1431738110]|
TheresaSchroe14,17,0:03:00,0.25,135,739,802584787,|[3052123136, 4550840832, 3300942849, 4766257664, 2443083780, 166534146, 62117895, 18819079, 17054728, 217513485, 2788209677, 853801490, 3906077714, 3305640470, 1472542232, 4884090904, 15995432, 161921581, 24566830, 615599662, 3171738157, 23879728, 3344033836, 15964210, 3403645486, 1510787130, 76936250, 242980410, 4665743419, 705240096849530880, 708893776794755072, 180508746, 59693131, 2710813772, 1629924943, 1013374544, 18254417, 17203795, 145087572, 4804089938, 93727830, 21615707, 19134557, 58746974, 3226586716, 286408288, 707332520656809989, 16323682, 912572004, 2818206308, 707447989921570816, 340534889, 17452651, 514038892, 391720047, 3807124593, 1164224114, 901537399, 17027579, 3193944696, 2512824441, 17112700, 4907645052, 3035660929, 3150275718, 219947655, 29422732, 3182189198, 299929232, 3368690836, 2706594966, 3467193499, 189806241, 4183971489, 701249070774489089, 47785124, 20523175, 3177941678, 1448244912, 2177428656, 40482997, 4856467638, 394260665, 281781436, 17904317, 5645502, 80350908, 1135261376, 3594364096, 3440881344, 1146946760, 37413577, 117260490, 1565939916, 4907495117, 2329733839, 3697993936, 298508497, 2750105810, 469483224, 238272731, 4270034653, 703016119112568832, 702776040, 2728190695, 1323165422, 2287108850, 316809461, 2365960436, 3839311094, 254818045, 703694587605307392, 1306313984, 604195584, 17433344, 40788228, 2376137988, 703606634262581252, 152795399, 1229007625, 14297863, 1853262091, 114115853, 833558286, 709860686399021056, 576215318, 16866585, 67746074, 132337948, 3257591580, 607558430, 1682190110, 358410527, 1350480668, 3420340515, 83717415, 241776425, 635288874, 255299883, 4925201710, 2985270576, 3220025137, 914482993, 3311032628, 988425014, 2651777845, 3296663354, 2347719997, 1092600128, 707050439305342976, 130517826, 3305472835, 312475466, 705146476788224001, 1130275662, 4765217102, 18008403, 4421940561, 4784980309, 19171162, 4916544857, 4845420380, 37131103, 4860478813, 4490534239, 2163208544, 709162675452903424, 3382135659, 388479343, 550136179, 710636057130209281, 2679788407, 124896632, 3711496576, 703267155740127233, 344772996, 720896389, 1529809286, 16088456, 2391870344, 19970954, 1853154188, 1863537037, 1009956750, 2565984139, 1512079760, 17431441, 484983185, 53545365, 75318169, 3309704088, 1188002203, 3976021402, 204809629, 276014492, 43414431, 2250899358, 3227476896, 21237658, 4797427108, 3198007208, 3240278953, 201359275, 11332012, 66590126, 708743923531784192, 2229483438, 2385287599, 3883484594, 24190388, 3230944180, 16559543, 4870092732, 3366877630, 4470064574, 2838346176, 23676863, 31223236, 3000529355, 40601552, 16829397, 18548184, 94076386, 54446563, 47680487, 707311380936806400, 136151527, 2185661418, 317907435, 702361404179873792, 8287732, 177357302, 536605175, -1, 1026764281, 2987102202, 15326206]|
61_alvin,31,0:03:00,-0.25,146,109,2987102202,|[227827584, 3300942849, 166534146, 3035660929, 14297863, 468732172, 3182189198, 299929232, 361505046, 2305441177, 43414431, 2863811231, 2392197152, 4183971489, 17305123, 20523175, 15995432, 1375717166, 16020526, 23879728, 3883484594, 955067324, 1362949182, 18654401, 3440881344, 2307296066, 802584787, 3188213971, 4270034653, 143115107, 90783594, 886886510, 16474992, 2733971311, 1164224114, 2287108850, -1, 3839311094, 124896632, 4907645052]|
ktnicoll87,22,0:03:00,0.125,24,0,62743904,[-1]
PParzival,47,0:03:00,0.25,385,73,541131956,|[166534146, 14297863, 2788209677, 853801490, 132337948, 2250899358, 1170545190, 3198007208, 484660909, 3403645486, 1448244912, 2985270576, 3220025137, 76936250, 579221693, 4870092732, 3594364096, 708893776794755072, 1013374544, 3226586716, 94076386, 707447989921570816, 387543532, -1, 17112700, 4907645052]|
ro69126128,33,0:03:00,-0.5,2200,3,4658216554,|[1323165422, -1, 3171738157]|
lr4kids,2,0:03:00,0.375,518,24,4845054264,|[706315757265641472, 708893776794755072, 1146946760, 59693131, 11332012, 1323165422, 3697993936, 3220025137, 24190388, 576215318, 56190070, 25744313, -1]|
Hersch_McGersch,1,0:03:00,0.375,1946,0,708475831912366080,[-1]
BrStormer,14,0:03:00,0.0,3894,17,202849133,|[604195584, 15995432, 2788209677, 249893457, 802584787, 576215318, -1, 630743387, 19134557, 1682190110]|
UberPSDavid,52,0:03:00,0.5,2285,299,3240278953,|[166534146, 975136262, 27518994, 853801490, 33995295, 24566830, 3171738157, 16020526, 3403645486, 3373085235, 708893776794755072, 4804089938, 93727830, 707332520656809989, 16323682, 901537399, 3193944696, 4907645052, 1644805254, 219947655, 299929232, 22822556, 189806241, 4183971489, 2310662821, 1448244912, 2177428656, 164798144, 3440881344, 37413577, 3313700041, 58525387, 585032395, 224864463, 802584787, 331096788, 4579134683, 4270034653, 3839311094, 355458302, 604195584, 40788228, 14297863, 66739464, 1229007625, 833558286, 576215318, 3257591580, 607558430, 702346657506193409, 59908391, 242937641, 635288874, 255299883, 324489515, 2985270576, 3220025137, 3311032628, 988425014, 526119734, 2651777845, 3296663354, 2347719997, 1130275662, 18008403, 4421940561, 4336734554, 37131103, 4860478813, 3382135659, 550136179, 2292076411, 3711496576, 720896389, 2391870344, 435215755, 1009956750, 3308524436, 75318169, 1188002203, 43414431, 545474475, 3230944180, 31223236, 212023751, 40601552, 3437373911, 2231994344, 125232619, -1, 15326206]|
markland2018,0,0:03:00,0.0,454,277,708731366897127425,|[1306313984, 4550840832, 166534146, 2443083780, 720896389, 62117895, 710229554179084288, 125547397, 66739464, 14297863, 1853154188, 1529809286, 833558286, 3182189198, 299929232, 1009956750, 853801490, 420879508, 2891477268, 576215318, 4884090904, 43414431, 189806241, 47785124, 83717415, 4900603814, 98737961, 17176190, 161921581, 3171738157, 378024494, 708743923531784192, 23879728, 2985270576, 18073907, 702330192451268608, 2375562804, 2651777845, 2229483438, 3230944180, 914482993, 4907645052, 3296663354, 202638779, 17904317, 2347719997, 3366877630, 3594364096, 2838346176, 2831716679, 59693131, 1013374544, 18008403, 441338964, 4804089938, 93727830, 4784980309, 18548184, 1392851928, 3529361115, 4579134683, 2385731677, 4860478813, 171638751, 4490534239, 96894306, 2318139746, 2163208544, 3896318180, 4847691876, 1265250283, 3382135659, 1323165422, 4884436077, 2287108850, -1, 3193944696, 2292076411, 427865214]|
MyTraceElements,0,0:03:00,0.0,1841,242,2231994344,|[3300942849, 166534146, 2443083780, 975136262, 62117895, 17054728, 3906077714, 4884090904, 15995432, 161921581, 378024494, 3403645486, 15964210, 17302067, 242980410, 708893776794755072, 59693131, 1013374544, 17203795, 4804089938, 93291094, 93727830, 706340748317343745, 4793981017, 2385731677, 286408288, 707332520656809989, 16323682, 707447989921570816, 901537399, 21352055, 3193944696, 17112700, 4907645052, 352431233, 219947655, 299929232, 3467193499, 4183971489, 701249070774489089, 3382413989, 2896747176, 252283563, 394260665, 3440881344, 1146946760, 1565939916, 224864463, 3697993936, 298508497, 4270034653, 706315757265641472, 1323165422, 604195584, 14297863, 1853262091, 576215318, 3257591580, 3420340515, 635288874, 2985270576, 3220025137, 4705974577, 914482993, 988425014, 2651777845, 3296663354, 65491774, 3305472835, 284383568, 4765217102, 4421940561, 4784980309, 19171162, 4916544857, 4845420380, 37131103, 4860478813, 4490534239, 96894306, 550136179, 124896632, 257803133, 720896389, 16088456, 19970954, 75318169, 3309704088, 334330779, 3976021402, 2250899358, 483473315, 3240278953, 2856421803, 11332012, 3366877630, 23676863, 18353097, 885633499, 94076386, 47680487, 702361404179873792, 8287732, 177357302, -1]|
NMwomen4Bernie,22,0:03:00,0.0,337,0,3234605299,[-1]
zoe_blueeyesbae,22,0:03:00,0.0,316,0,2229587216,[-1]
SandersSnaps,0,0:03:00,0.0,2023,124,4261397233,|[3711496576, 3909497352, 1853154188, 710315331584184321, 117549200, 3368690836, 3308524436, 75318169, 211955738, 607558430, 43414431, 358410527, 701249070774489089, 24088739, 17719592, 2896747176, 24566830, 268323119, 23879728, 914482993, 195626802, 15964210, 988425014, 4470064574, 2838346176, 465377860, 3438469581, 3697993936, 802584787, 145087572, 4421940561, 2984780627, 4784980309, 3226586716, 4845420380, 4270034653, 3324561251, 2818206308, 3382135659, 3182146801, 550136179, 124896632, 3193944696, -1]|
D33PAK_BHASKAR,67,0:03:00,0.125,1875,0,867304158,[-1]
Commander998381,0,0:03:00,0.0,173,213,4834187151,|[1306313984, 604195584, 4550840832, 3300942849, 975136262, 3150275718, 2391870344, 704517600198307840, 1853154188, 2788209677, 29422732, 217513485, 576215318, 75318169, 3257591580, 4183971489, 3420340515, 17719592, 242937641, 255299883, 201359275, 24566830, 3171738157, 23879728, 2985270576, 3220025137, 4925201710, 1448244912, 3403645486, 988425014, 25744313, 76936250, 3296663354, 281781436, 4665743419, 80350908, 100600895, 6632512, 2838346176, 130517826, 3440881344, 32347848, 4765217102, 3697993936, 18254417, 298508497, 17258834, 16829397, 2304319056, 4784980309, 1013374544, 3885245652, 21615707, 4270034653, 703016119112568832, 706315757265641472, 4860478813, 707447989921570816, 47680487, 95963751, 14421994, 3382135659, 2287108850, 702361404179873792, 2365960436, 710636057130209281, 550136179, 4820846326, 3193944696, 2512824441, -1, 44075260, 4907645052, 47899263]|
angimclarke,21,0:03:00,0.25,55,0,989973378,[-1]
PoliticalEditor,58,0:03:00,0.0,110,7,54621739,|[707332080171151360, 3711496576, 3861654793, -1, 729718663]|
ideasloop,0,0:03:00,0.25,6577,0,421105572,[-1]
jamescipriano,0,0:03:00,0.0,1431,0,59767969,[-1]
,,,,,,135765769
,,,,,,3059263094
,,,,,,4852001365
,,,,,,3438469581
,,,,,,2448676573
,,,,,,27518994
,,,,,,700461823691243520
,,,,,,364582112
,,,,,,156912845
,,,,,,541131956
,,,,,,3408262787
,,,,,,526696545
,,,,,,355458302
,,,,,,4728945939
,,,,,,441338964
,,,,,,441338964
,,,,,,708731366897127425
,,,,,,3680699895
,,,,,,483473315
,,,,,,577706893
,,,,,,577706893
,,,,,,2229587216
,,,,,,541131956
,,,,,,2710813772
,,,,,,917605332
,,,,,,1544325361
,,,,,,2955283184
,,,,,,784098236
,,,,,,705240096849530880
,,,,,,2886771014
,,,,,,3504607827
,,,,,,58525387
,,,,,,3070448344
,,,,,,556658845
,,,,,,138862380
,,,,,,4261397233
,,,,,,133063757
,,,,,,133063757
,,,,,,16323682
,,,,,,541131956
,,,,,,3053410734
,,,,,,761587320
,,,,,,700501464880263168
,,,,,,618573940
,,,,,,805559731
,,,,,,3053410734
,,,,,,117260490
,,,,,,18597129
,,,,,,702291044
,,,,,,3912441
,,,,,,2292076411
,,,,,,703030873877143552
,,,,,,132337948
,,,,,,154681376
,,,,,,154681376
,,,,,,521996289
,,,,,,1958824022
,,,,,,3070448344
,,,,,,271052109
,,,,,,16559543
,,,,,,4850990954
,,,,,,1219395229
,,,,,,2863659488
,,,,,,705590278107729920
,,,,,,4470064574
,,,,,,3053410734
,,,,,,97300546
,,,,,,259737527
,,,,,,606787486
,,,,,,225901671
,,,,,,3839311094
,,,,,,16474992
,,,,,,284383568
,,,,,,541131956
,,,,,,55816989
,,,,,,3368690836
,,,,,,52890535
,,,,,,19691870
,,,,,,3697993936
,,,,,,4470064574
,,,,,,51886238
,,,,,,344477327
,,,,,,541131956
,,,,,,541131956
,,,,,,61567598
,,,,,,3382135659
,,,,,,23899050
,,,,,,3249525066
,,,,,,23341160
,,,,,,3408262787
,,,,,,701492586385518592
,,,,,,16833972
,,,,,,17403395
,,,,,,15192652
,,,,,,234244492
,,,,,,4884090904
,,,,,,468732172
,,,,,,705231620429783040
,,,,,,59767969
,,,,,,28835337
,,,,,,166001916
,,,,,,708731366897127425
,,,,,,874984351
,,,,,,250833840
,,,,,,710962570488881154
,,,,,,51353013
,,,,,,705231620429783040
,,,,,,1942918003
,,,,,,4900068581
,,,,,,204809629
,,,,,,455329566
,,,,,,455329566
,,,,,,132337948
,,,,,,4808345238
,,,,,,4808345238
,,,,,,2809377181
,,,,,,18008403
,,,,,,345894993
,,,,,,414948997
,,,,,,22177212
,,,,,,52890535
,,,,,,3906077714
,,,,,,90783594
,,,,,,4880284084
,,,,,,3773674034
,,,,,,59908391
,,,,,,4365927557
,,,,,,3105974401
,,,,,,3105974401
,,,,,,101532348
,,,,,,2185661418
,,,,,,1140930780
,,,,,,197413077
,,,,,,40788228
,,,,,,33211747
,,,,,,4850990954
,,,,,,1549379966
,,,,,,473730704
,,,,,,29253577
,,,,,,973315350
,,,,,,1611828986
,,,,,,2788209677
,,,,,,177966408
,,,,,,177966408
,,,,,,141393104
,,,,,,2253793946
,,,,,,16409778
,,,,,,812267893
,,,,,,4762909946
,,,,,,3305760348
,,,,,,4767551857
,,,,,,1717107307
,,,,,,4470064574
,,,,,,19171162
,,,,,,17021597
,,,,,,1146946760
,,,,,,35150454
,,,,,,227827584
,,,,,,2729153435
,,,,,,361505046
,,,,,,208711400
,,,,,,421105572
,,,,,,405800620
,,,,,,132337948
,,,,,,2980243106
,,,,,,40788228
,,,,,,1457155945
,,,,,,697949201490059264
,,,,,,45636701
,,,,,,427865214
,,,,,,2229587216
,,,,,,705240096849530880
,,,,,,2826768270
,,,,,,17431441
,,,,,,4470064574
,,,,,,4850990954
,,,,,,3165802513
,,,,,,885633499
,,,,,,52519921
,,,,,,2863659488
,,,,,,802584787
,,,,,,3773674034
,,,,,,3116601311
,,,,,,28501924
,,,,,,99678879
,,,,,,219564623
,,,,,,2688331602
,,,,,,468732172
,,,,,,586513204
,,,,,,3267720384
,,,,,,988425014
,,,,,,21791206
,,,,,,352431233
,,,,,,4843033040
,,,,,,441338964
,,,,,,17112700
,,,,,,576539583
,,,,,,92394217
,,,,,,708731366897127425
,,,,,,22177212
,,,,,,75318169
,,,,,,541131956
,,,,,,72549666
,,,,,,975609252
,,,,,,1493588514
,,,,,,52890535
,,,,,,61567598
,,,,,,2863981279
,,,,,,4850990954
,,,,,,255299883
,,,,,,441338964
,,,,,,1721544782
,,,,,,180508746
,,,,,,2229587216
,,,,,,695739791757963264
,,,,,,2891477268
,,,,,,607558430
,,,,,,607558430
,,,,,,2788209677
,,,,,,92023759
,,,,,,3908344585
,,,,,,212769991
,,,,,,1853262091
,,,,,,61567598
,,,,,,711481639
,,,,,,711481639
,,,,,,17129511
,,,,,,708471306702823424
,,,,,,441338964
,,,,,,293294609
,,,,,,3911233276
,,,,,,3911233276
,,,,,,3911233276
,,,,,,3365171523
,,,,,,2229587216
,,,,,,244018421
,,,,,,4875950154
,,,,,,4608693673
,,,,,,18353097
,,,,,,720896389
,,,,,,40788228
,,,,,,192101447
,,,,,,1589712026
,,,,,,468732172
,,,,,,521996289
,,,,,,1589712026
,,,,,,23341160
,,,,,,40788228
,,,,,,40788228
,,,,,,101532348
,,,,,,4422582433
,,,,,,1589712026
,,,,,,1589712026
,,,,,,3906077714
,,,,,,130517826
,,,,,,483473315
,,,,,,4183971489
,,,,,,134204380
,,,,,,720896389
,,,,,,244018421
,,,,,,17112700
,,,,,,1589712026
,,,,,,2562956550
,,,,,,624313805
,,,,,,710729141436297216
,,,,,,901537399
,,,,,,234233031
,,,,,,3018089330
,,,,,,2169473196
,,,,,,615599662
,,,,,,708731366897127425
,,,,,,708731366897127425
,,,,,,2376137988
,,,,,,1589712026
,,,,,,1589712026
,,,,,,2217077366
,,,,,,178832436
,,,,,,3417650165
,,,,,,2896747176
,,,,,,3265520737
,,,,,,3906077714
,,,,,,3906077714
,,,,,,3906077714
,,,,,,703606634262581252
,,,,,,2376137988
,,,,,,468732172
,,,,,,2399398411
,,,,,,703016119112568832
,,,,,,54446563
,,,,,,2595978877
,,,,,,703030873877143552
,,,,,,703030873877143552
,,,,,,19131322
,,,,,,1414627170
,,,,,,19131322
,,,,,,63604883
,,,,,,126691817
,,,,,,2763687557
,,,,,,32615739
,,,,,,63604883
,,,,,,63604883
,,,,,,134204380
,,,,,,134204380
,,,,,,27518994
,,,,,,802584787
,,,,,,1080305004
,,,,,,3265520737
,,,,,,3839311094
,,,,,,24088739
,,,,,,2863981279
,,,,,,3408262787
,,,,,,42891997
,,,,,,347422336
,,,,,,130517826
,,,,,,4494205819
,,,,,,8145252
,,,,,,293716863
,,,,,,2710763978
,,,,,,23384957
,,,,,,709162675452903424
,,,,,,703030873877143552
,,,,,,93291094
,,,,,,27518994
,,,,,,421105572
,,,,,,2792966538
,,,,,,1400571607
,,,,,,703030873877143552
,,,,,,18254417
,,,,,,701975128658284544
,,,,,,708475831912366080
,,,,,,16813535
,,,,,,576215318
,,,,,,576215318
,,,,,,46899351
,,,,,,4554625212
,,,,,,2169473196
,,,,,,18949560
,,,,,,15174190
,,,,,,609540762
,,,,,,51353013
,,,,,,479125772
,,,,,,2590884252
,,,,,,630743387
,,,,,,92044118
,,,,,,16640037
,,,,,,1092600128
,,,,,,283833811
,,,,,,3286792693
,,,,,,3286792693
,,,,,,703030873877143552
,,,,,,283833811
,,,,,,4880284084
,,,,,,402426892
,,,,,,402426892
,,,,,,212769991
,,,,,,122495400
,,,,,,469483224
,,,,,,294107106
,,,,,,21505486
,,,,,,21505486
,,,,,,21505486
,,,,,,37413577
,,,,,,61567598
,,,,,,96197241
,,,,,,696452754869350400
,,,,,,24088739
,,,,,,15699056
,,,,,,3089751183
,,,,,,1589712026
,,,,,,744538585
,,,,,,3368690836
,,,,,,969014287
,,,,,,1693063670
,,,,,,3089751183
,,,,,,585032395
,,,,,,38889785
,,,,,,38889785
,,,,,,1682456251
,,,,,,20221833
,,,,,,16829397
,,,,,,19131322
,,,,,,702601242866913280
,,,,,,969014287
,,,,,,3220025137
,,,,,,585032395
,,,,,,1589712026
,,,,,,2799319651
,,,,,,177357302
,,,,,,19171162
,,,,,,2424811699
,,,,,,250833840
,,,,,,702346657506193409
,,,,,,2381572567
,,,,,,202849133
,,,,,,3198007208
,,,,,,3198007208
,,,,,,2257976822
,,,,,,1092600128
,,,,,,4550840832
,,,,,,3234605299
,,,,,,4856467638
,,,,,,224864463
,,,,,,242516385
,,,,,,3433480491
,,,,,,3234605299
,,,,,,702776040
,,,,,,3373161101
,,,,,,3089751183
,,,,,,3286792693
,,,,,,3300942849
,,,,,,703016119112568832
,,,,,,827584584
,,,,,,3198007208
,,,,,,352065861
,,,,,,3165802513
,,,,,,2868251478
,,,,,,710315331584184321
,,,,,,4776537985
,,,,,,827584584
,,,,,,700228367
,,,,,,4371599354
,,,,,,59908391
,,,,,,3163153987
,,,,,,202849133
,,,,,,202849133
,,,,,,66590126
,,,,,,707870107
,,,,,,3463679714
,,,,,,96894306
,,,,,,473884814
,,,,,,1240234368
,,,,,,4842778733
,,,,,,250619302
,,,,,,178832436
,,,,,,3463679714
,,,,,,3182189198
,,,,,,278538771
,,,,,,1216983523
,,,,,,3309064790
,,,,,,3234605299
,,,,,,1472542232
,,,,,,1240234368
,,,,,,3234605299
,,,,,,1478945244
,,,,,,259121785
,,,,,,3180726133
,,,,,,422825758
,,,,,,3234605299
,,,,,,2586324829
,,,,,,4527097936
,,,,,,1496972215
,,,,,,154681376
,,,,,,594180185
,,,,,,2916844244
,,,,,,183833261
,,,,,,19171162
,,,,,,3178630752
,,,,,,37748772
,,,,,,3322642872
,,,,,,4851725715
,,,,,,2945337208
,,,,,,33410754
,,,,,,821842872
,,,,,,2391870344
,,,,,,781444777
,,,,,,31450005
,,,,,,361885723
,,,,,,1853154188
,,,,,,139268798
,,,,,,139268798
,,,,,,1615310634
,,,,,,1615310634
,,,,,,3311690040
,,,,,,709860686399021056
,,,,,,3896197221
,,,,,,2916844244
,,,,,,4371398242
,,,,,,821842872
,,,,,,4719950390
,,,,,,2788209677
,,,,,,361885723
,,,,,,1240234368
,,,,,,4049743339
,,,,,,4884090904
,,,,,,1240234368
,,,,,,42728930
,,,,,,4845420380
,,,,,,703030873877143552
,,,,,,437145237
,,,,,,4894919046
,,,,,,697949201490059264
,,,,,,3082159592
,,,,,,1265250283
,,,,,,997397168
,,,,,,4470064574
,,,,,,994178329
,,,,,,40788228
,,,,,,4765070485
,,,,,,4845420380
,,,,,,234233031
,,,,,,138875488
,,,,,,4848722925
,,,,,,485460823
,,,,,,108080183
,,,,,,1090999268
,,,,,,3305640470
,,,,,,37131103
,,,,,,969014287
,,,,,,108080183
,,,,,,2733971311
,,,,,,54446563
,,,,,,4470064574
,,,,,,3105974401
,,,,,,3105974401
,,,,,,3105974401
,,,,,,34508145
,,,,,,43414431
,,,,,,39908142
,,,,,,3217694460
,,,,,,108080183
,,,,,,3198007208
,,,,,,134312357
,,,,,,1866469158
,,,,,,164029981
,,,,,,708104595562692608
,,,,,,2522641007
,,,,,,2522641007
,,,,,,2522641007
,,,,,,25209632
,,,,,,108080183
,,,,,,3296663354
,,,,,,62117895
,,,,,,121142764
,,,,,,521996289
,,,,,,2993440827
,,,,,,35208860
,,,,,,54446563
,,,,,,4893228947
,,,,,,61567598
,,,,,,2522641007
,,,,,,234233031
,,,,,,1059644598
,,,,,,21281289
,,,,,,2253793946
,,,,,,1156527625
,,,,,,3002922157
,,,,,,483473315
,,,,,,54446563
,,,,,,27518994
,,,,,,3807124593
,,,,,,816614216
,,,,,,2522641007
,,,,,,1965825961
,,,,,,23870273
,,,,,,4845420380
,,,,,,15405101
,,,,,,970516614
,,,,,,304569729
,,,,,,3162467179
,,,,,,816614216
,,,,,,3010575254
,,,,,,2280243391
,,,,,,3198007208
,,,,,,47680487
,,,,,,47680487
,,,,,,3089751183
,,,,,,3150275718
,,,,,,3198007208
,,,,,,18597129
,,,,,,37132478
,,,,,,250833840
,,,,,,391720047
,,,,,,1644805254
,,,,,,47680487
,,,,,,966589987
,,,,,,18654401
,,,,,,18654401
,,,,,,154681376
,,,,,,483473315
,,,,,,59693131
,,,,,,54446563
,,,,,,246412531
,,,,,,1472542232
,,,,,,37132478
,,,,,,3089751183
,,,,,,2379961994
,,,,,,51353013
,,,,,,165588434
,,,,,,3150275718
,,,,,,2866897027
,,,,,,3198007208
,,,,,,1237228938
,,,,,,4923680225
,,,,,,4856467638
,,,,,,3367334720
,,,,,,3089751183
,,,,,,55816989
,,,,,,3089751183
,,,,,,2866897027
,,,,,,334330779
,,,,,,2347719997
,,,,,,18548184
,,,,,,4884090904
,,,,,,3198007208
,,,,,,258114403
,,,,,,99608225
,,,,,,729718663
,,,,,,3408262787
,,,,,,585032395
,,,,,,3171738157
,,,,,,259121785
,,,,,,3198007208
,,,,,,2906735656
,,,,,,3279042258
,,,,,,3279042258
,,,,,,2891477268
,,,,,,3089751183
,,,,,,129688529
,,,,,,3089751183
,,,,,,59693131
,,,,,,3182189198
,,,,,,3182189198
,,,,,,51353013
,,,,,,2788451056
,,,,,,3198007208
,,,,,,1357396585
,,,,,,2883577686
,,,,,,111713801
,,,,,,4902361995
,,,,,,14181633
,,,,,,421494424
,,,,,,421494424
,,,,,,821842872
,,,,,,3198007208
,,,,,,1247999394
,,,,,,4677029953
,,,,,,4677029953
,,,,,,821842872
,,,,,,2906735656
,,,,,,711058936049344512
,,,,,,224864463
,,,,,,833558286
,,,,,,521996289
,,,,,,202849133
,,,,,,4834496368
,,,,,,701975128658284544
,,,,,,4894919046
,,,,,,708471282304614400
,,,,,,17719592
,,,,,,24088739
,,,,,,2851175020
,,,,,,54446563
,,,,,,166823228
,,,,,,250833840
,,,,,,3007401576
,,,,,,61567598
,,,,,,37132478
,,,,,,705240096849530880
,,,,,,3198007208
,,,,,,2392197152
,,,,,,4766975683
,,,,,,1357396585
,,,,,,3198007208
,,,,,,2680015243
,,,,,,2154028783
,,,,,,3033108373
,,,,,,3033108373
,,,,,,704045356
,,,,,,4856467638
,,,,,,4856467638
,,,,,,340383216
,,,,,,2987733470
,,,,,,4728945939
,,,,,,706740934973771776
,,,,,,706740934973771776
,,,,,,3112329719
,,,,,,242937641
,,,,,,242937641
,,,,,,96894306
,,,,,,54446563
,,,,,,4834187151
,,,,,,1357396585
,,,,,,17431441
,,,,,,2750105810
,,,,,,2750105810
,,,,,,281781436
,,,,,,2906735656
,,,,,,388479343
,,,,,,3323418907
,,,,,,2863659488
,,,,,,10796522
,,,,,,3061928269
,,,,,,40512320
,,,,,,202849133
,,,,,,4887323243
,,,,,,4884090904
,,,,,,3198007208
,,,,,,22718873
,,,,,,435215755
,,,,,,118748397
,,,,,,227827584
,,,,,,227827584
,,,,,,3147339230
,,,,,,455463231
,,,,,,59693131
,,,,,,4532460136
,,,,,,777365412
,,,,,,541131956
,,,,,,541131956
,,,,,,4845054264
,,,,,,17021597
,,,,,,4850990954
,,,,,,4834496368
,,,,,,298508497
,,,,,,3061928269
,,,,,,570515177
,,,,,,3007401576
,,,,,,316809461
,,,,,,1965825961
,,,,,,61567598
,,,,,,4850990954
,,,,,,22250337
,,,,,,2750105810
,,,,,,2376137988
,,,,,,17431441
,,,,,,710229554179084288
,,,,,,1853154188
,,,,,,930245052
,,,,,,618814695
,,,,,,618814695
,,,,,,59908391
,,,,,,42007823
,,,,,,98725414
,,,,,,336302998
,,,,,,435215755
,,,,,,17719592
,,,,,,22250337
,,,,,,3292635128
,,,,,,163314282
,,,,,,2993440827
,,,,,,1057112118
,,,,,,70314813
,,,,,,70314813
,,,,,,2883577686
,,,,,,2695736011
,,,,,,3883484594
,,,,,,604075764
,,,,,,607558430
,,,,,,101107418
,,,,,,228477243
,,,,,,18254417
,,,,,,18254417
,,,,,,4589635409
,,,,,,3476532135
,,,,,,928626697
,,,,,,708445610005794816
,,,,,,708445610005794816
,,,,,,708445610005794816
,,,,,,18949560
,,,,,,27734496
,,,,,,202849133
,,,,,,15818705
,,,,,,2856421803
,,,,,,706315757265641472
,,,,,,1533999133
,,,,,,33995295
,,,,,,3908344585
,,,,,,710777363370352640
,,,,,,164029981
,,,,,,2750105810
,,,,,,2788209677
,,,,,,1306313984
,,,,,,387543532
,,,,,,329204646
,,,,,,17927511
,,,,,,3408262787
,,,,,,703016119112568832
,,,,,,2549583109
,,,,,,97300546
,,,,,,14722069
,,,,,,2310662821
,,,,,,2863659488
,,,,,,2749368641
,,,,,,2750105810
,,,,,,3529361115
,,,,,,3061928269
,,,,,,378024494
,,,,,,2257976822
,,,,,,17431441
,,,,,,259121785
,,,,,,588843333
,,,,,,4873776808
,,,,,,2376137988
,,,,,,4884090904
,,,,,,55816989
,,,,,,930073370
,,,,,,435215755
,,,,,,2679788407
,,,,,,595207333
,,,,,,4887323243
,,,,,,22177212
,,,,,,76763663
,,,,,,45943310
,,,,,,83717415
,,,,,,51353013
,,,,,,61567598
,,,,,,701976635810123776
,,,,,,708479431170371584
,,,,,,2750105810
,,,,,,703016119112568832
,,,,,,4766257664
,,,,,,955067324
,,,,,,245689692
,,,,,,52513640
,,,,,,254793266
,,,,,,3158014711
,,,,,,4907495117
,,,,,,19970954
,,,,,,552119609
,,,,,,709985797970259968
,,,,,,4887323243
,,,,,,112971281
,,,,,,4873776808
,,,,,,4446645197
,,,,,,4847691876
,,,,,,2728459596
,,,,,,448283829
,,,,,,2851175020
,,,,,,1887263564
,,,,,,4845054264
,,,,,,4834187151
,,,,,,2391870344
,,,,,,4658216554
,,,,,,33873014
,,,,,,842868962
,,,,,,137850323
,,,,,,257803133
,,,,,,98737961
,,,,,,98737961
,,,,,,170315949
,,,,,,170315949
,,,,,,45951025
,,,,,,4766257664
,,,,,,2809657193
,,,,,,76763663
,,,,,,107466612
,,,,,,215167494
,,,,,,3182189198
,,,,,,240464017
,,,,,,240464017
,,,,,,51353013
,,,,,,3150275718
,,,,,,107466612
,,,,,,2919091926
,,,,,,3188160816
,,,,,,4884090904
,,,,,,38889785
,,,,,,2391870344
,,,,,,3309704088
,,,,,,331918779
,,,,,,710777363370352640
,,,,,,66590126
,,,,,,66590126
,,,,,,4766257664
,,,,,,54446563
,,,,,,1419471440
,,,,,,250833840
,,,,,,2479085623
,,,,,,4855874126
,,,,,,38378898
,,,,,,708648018669535232
,,,,,,1671820183
,,,,,,14605073
,,,,,,14328121
,,,,,,2863659488
,,,,,,488189917
,,,,,,4884090904
,,,,,,2453967376
,,,,,,135569237
,,,,,,28078860
,,,,,,331918779
,,,,,,135569237
,,,,,,705240096849530880
,,,,,,61567598
,,,,,,344574030
,,,,,,521996289
,,,,,,435215755
,,,,,,572440692
,,,,,,572440692
,,,,,,177357302
,,,,,,2347719997
,,,,,,2347719997
,,,,,,255299883
,,,,,,2391870344
,,,,,,341881600
,,,,,,710981090240892928
,,,,,,1968086478
,,,,,,2210052036
,,,,,,2679788407
,,,,,,85723812
,,,,,,1102159980
,,,,,,65491774
,,,,,,250833840
,,,,,,2850739993
,,,,,,291208352
,,,,,,3420340515
,,,,,,2318139746
,,,,,,17069442
,,,,,,10487832
,,,,,,250833840
,,,,,,595207333
,,,,,,135569237
,,,,,,4873776808
,,,,,,281781436
,,,,,,595207333
,,,,,,3165802513
,,,,,,4421940561
,,,,,,4421940561
,,,,,,2822802185
,,,,,,90803598
,,,,,,137850323
,,,,,,2809234257
,,,,,,250833840
,,,,,,2450985690
,,,,,,926754920
,,,,,,3325633040
,,,,,,4862502204
,,,,,,705474337307021313
,,,,,,16020526
,,,,,,242626109
,,,,,,250833840
,,,,,,54446563
,,,,,,54446563
,,,,,,2347719997
,,,,,,2347719997
,,,,,,349987535
,,,,,,80937961
,,,,,,80937961
,,,,,,80937961
,,,,,,703016119112568832
,,,,,,394176982
,,,,,,250833840
,,,,,,250833840
,,,,,,250833840
,,,,,,3161243399
,,,,,,17122411
,,,,,,17122411
,,,,,,923539231
,,,,,,3220025137
,,,,,,2691156691
,,,,,,708648018669535232
,,,,,,3150275718
,,,,,,708893776794755072
,,,,,,61558830
,,,,,,2201170792
,,,,,,2201170792
,,,,,,18140958
,,,,,,1306313984
,,,,,,2347719997
,,,,,,325298584
,,,,,,46969440
,,,,,,32347848
,,,,,,1290586705
,,,,,,100142075
,,,,,,4711905128
,,,,,,896111713
,,,,,,18597129
,,,,,,955067324
,,,,,,58746974
,,,,,,613926514
,,,,,,427195081
,,,,,,2692415226
,,,,,,331918779
,,,,,,378024494
,,,,,,2538848850
,,,,,,521996289
,,,,,,66590126
,,,,,,484660909
,,,,,,331918779
,,,,,,378024494
,,,,,,883767102
,,,,,,12974622
,,,,,,284597383
,,,,,,3182158777
,,,,,,3408262787
,,,,,,521996289
,,,,,,491026350
,,,,,,14239438
,,,,,,1587312176
,,,,,,628903610
,,,,,,3258163465
,,,,,,710777363370352640
,,,,,,705231620429783040
,,,,,,26350826
,,,,,,2512824441
,,,,,,3379617435
,,,,,,703016119112568832
,,,,,,484660909
,,,,,,378024494
,,,,,,836305999
,,,,,,239155706
,,,,,,261041697
,,,,,,705231620429783040
,,,,,,18008403
,,,,,,299929232
,,,,,,4845420380
,,,,,,215026562
,,,,,,463464452
,,,,,,3354099425
,,,,,,1906357844
,,,,,,40151586
,,,,,,65491774
,,,,,,883767102
,,,,,,3258163465
,,,,,,2349437887
,,,,,,720326345411047424
,,,,,,4371398242
,,,,,,27127139
,,,,,,238272731
,,,,,,16086967
,,,,,,3368690836
,,,,,,28330938
,,,,,,2639084631
,,,,,,2250899358
,,,,,,588843333
,,,,,,2281349545
,,,,,,40788228
,,,,,,40788228
,,,,,,31284364
,,,,,,3258163465
,,,,,,263264364
,,,,,,16086967
,,,,,,47785124
,,,,,,16086967
,,,,,,956334938
,,,,,,327003113
,,,,,,3150275718
,,,,,,34349031
,,,,,,707332080171151360
,,,,,,274190088
,,,,,,708182912399609857
,,,,,,4894919046
,,,,,,697949201490059264
,,,,,,3258163465
,,,,,,544903449
,,,,,,4910934128
,,,,,,2287108850
,,,,,,125547397
,,,,,,521996289
,,,,,,2675053723
,,,,,,535778327
,,,,,,329204646
,,,,,,1188002203
,,,,,,608835608
,,,,,,177357302
,,,,,,59436538
,,,,,,25686638
,,,,,,3258163465
,,,,,,1290586705
,,,,,,329204646
,,,,,,3052449309
,,,,,,2750105810
,,,,,,2287108850
,,,,,,595207333
,,,,,,31450005
,,,,,,317907435
,,,,,,29135957
,,,,,,75318169
,,,,,,3463679714
,,,,,,22562017
,,,,,,91634855
,,,,,,710636057130209281
,,,,,,61567598
,,,,,,202849133
,,,,,,135569237
,,,,,,1668677850
,,,,,,4721574708
,,,,,,75318169
,,,,,,14605073
,,,,,,48953729
,,,,,,71031469
,,,,,,3388724805
,,,,,,83717415
,,,,,,595207333
,,,,,,703016119112568832
,,,,,,16087504
,,,,,,83717415
,,,,,,75318169
,,,,,,2182648662
,,,,,,3052449309
,,,,,,1308749244
,,,,,,612995682
,,,,,,4856467638
,,,,,,2594254291
,,,,,,1918597705
,,,,,,35196174
,,,,,,2391870344
,,,,,,491402825
,,,,,,595207333
,,,,,,833558286
,,,,,,2375562804
,,,,,,708445610005794816
,,,,,,1102046496
,,,,,,812165202
,,,,,,604195584
,,,,,,2682092162
,,,,,,883767102
,,,,,,581965756
,,,,,,493652059
,,,,,,2520317613
,,,,,,122154297
,,,,,,4601641513
,,,,,,182638165
,,,,,,521996289
,,,,,,484660909
,,,,,,521996289
,,,,,,502639312
,,,,,,161113714
,,,,,,521996289
,,,,,,2993707025
,,,,,,1730449195
,,,,,,3382135659
,,,,,,2567066010
,,,,,,2943536095
,,,,,,34117048
,,,,,,607558430
,,,,,,3408262787
,,,,,,2268447163
,,,,,,299929232
,,,,,,607558430
,,,,,,164438833
,,,,,,1250339456
,,,,,,468955258
,,,,,,2567066010
,,,,,,500504072
,,,,,,2204324745
,,,,,,2347719997
,,,,,,364426964
,,,,,,17069442
,,,,,,2750105810
,,,,,,1321656240
,,,,,,4728928758
,,,,,,5944152
,,,,,,710567011449876480
,,,,,,705240096849530880
,,,,,,595207333
,,,,,,2707806614
,,,,,,256873417
,,,,,,756158490
,,,,,,71607386
,,,,,,90803598
,,,,,,3368690836
,,,,,,2805625933
,,,,,,2289176439
,,,,,,708648018669535232
,,,,,,17069442
,,,,,,32706001
,,,,,,520752741
,,,,,,4647039563
,,,,,,3382135659
,,,,,,2474445648
,,,,,,11332012
,,,,,,869210198
,,,,,,3382135659
,,,,,,2265096889
,,,,,,1629924943
,,,,,,212769991
,,,,,,2250899358
,,,,,,521996289
,,,,,,11332012
,,,,,,125109448
,,,,,,4894919046
,,,,,,90803598
,,,,,,4762738942
,,,,,,17431441
,,,,,,1110169470
,,,,,,1110169470
,,,,,,2391870344
,,,,,,83206834
,,,,,,2605533463
,,,,,,267563830
,,,,,,267563830
,,,,,,267563830
,,,,,,267563830
,,,,,,20523175
,,,,,,261592504
,,,,,,261592504
,,,,,,261592504
,,,,,,261592504
,,,,,,2409414559
,,,,,,936198384
,,,,,,936198384
,,,,,,954105890
,,,,,,750651572
,,,,,,750651572
,,,,,,252221052
,,,,,,252221052
,,,,,,2679788407
,,,,,,93876280
,,,,,,93876280
,,,,,,453435384
,,,,,,2831716679
,,,,,,259121785
,,,,,,2728190695
,,,,,,229680261
,,,,,,61567598
,,,,,,4383931818
,,,,,,4910934128
,,,,,,90803598
,,,,,,2779066945
,,,,,,2978835667
,,,,,,484660909
,,,,,,3422116324
,,,,,,189806241
,,,,,,601572553
,,,,,,502639312
,,,,,,115204116
,,,,,,394260665
,,,,,,20523175
,,,,,,3463679714
,,,,,,3422116324
,,,,,,3052449309
,,,,,,1853338962
,,,,,,90803598
,,,,,,2818206308
,,,,,,2347719997
,,,,,,353400146
,,,,,,378024494
,,,,,,2986540236
,,,,,,595207333
,,,,,,2682092162
,,,,,,44298362
,,,,,,1225907048
,,,,,,707311380936806400
,,,,,,2289176439
,,,,,,2347719997
,,,,,,453435384
,,,,,,1629924943
,,,,,,161921581
,,,,,,2579678312
,,,,,,2579678312
,,,,,,2682092162
,,,,,,709754391994220544
,,,,,,11332012
,,,,,,18752713
,,,,,,703694587605307392
,,,,,,702913191114706944
,,,,,,2694035777
,,,,,,2347719997
,,,,,,2863811231
,,,,,,708445610005794816
,,,,,,2347719997
,,,,,,4848722925
,,,,,,3382413989
,,,,,,2863811231
,,,,,,172721032
,,,,,,595207333
,,,,,,595207333
,,,,,,40788228
,,,,,,2579678312
,,,,,,259121785
,,,,,,90803598
,,,,,,195626802
,,,,,,2465958361
,,,,,,58209283
,,,,,,2863811231
,,,,,,3354099425
,,,,,,344772996
,,,,,,704517600198307840
,,,,,,3408262787
,,,,,,3408262787
,,,,,,703016119112568832
,,,,,,6635112
,,,,,,86640349
,,,,,,6632512
,,,,,,700384817309855745
,,,,,,4893770894
,,,,,,2682092162
,,,,,,3037445572
,,,,,,367582828
,,,,,,47899263
,,,,,,47899263
,,,,,,1722789636
,,,,,,27127139
,,,,,,27127139
,,,,,,3052449309
,,,,,,2490456499
,,,,,,2863811231
,,,,,,2573210928
,,,,,,4527097936
,,,,,,1375717166
,,,,,,118748397
,,,,,,308821054
,,,,,,3024088539
,,,,,,3150275718
,,,,,,115204116
,,,,,,2374978770
,,,,,,164798144
,,,,,,115204116
,,,,,,702156779380060160
,,,,,,17266436
,,,,,,28674574
,,,,,,1561976880
,,,,,,4527097936
,,,,,,1173785689
,,,,,,706170898638831618
,,,,,,215026562
,,,,,,16010508
,,,,,,575779204
,,,,,,9839732
,,,,,,4777394659
,,,,,,708473153178066945
,,,,,,90803598
,,,,,,21969334
,,,,,,83198392
,,,,,,710644160169123844
,,,,,,710644160169123844
,,,,,,64506290
,,,,,,90803598
,,,,,,21352313
,,,,,,3023121510
,,,,,,202849133
,,,,,,202849133
,,,,,,202849133
,,,,,,67746074
,,,,,,30528628
,,,,,,708805977718591488
,,,,,,2394720528
,,,,,,9839732
,,,,,,138875488
,,,,,,172032031
,,,,,,3150275718
,,,,,,312696314
,,,,,,1375717166
,,,,,,885681968
,,,,,,4905534499
,,,,,,29422732
,,,,,,734478434
,,,,,,2516460061
,,,,,,24247106
,,,,,,3227476896
,,,,,,1143874068
,,,,,,448371328
,,,,,,707311380936806400
,,,,,,51353013
,,,,,,286408288
,,,,,,1249801747
,,,,,,2651368746
,,,,,,703016119112568832
,,,,,,703016119112568832
,,,,,,204584481
,,,,,,2347719997
,,,,,,322409869
,,,,,,703016119112568832
,,,,,,703016119112568832
,,,,,,484660909
,,,,,,161113714
,,,,,,2375562804
,,,,,,317907435
,,,,,,2347719997
,,,,,,3150275718
,,,,,,215996801
,,,,,,703653820727992320
,,,,,,160761208
,,,,,,3150275718
,,,,,,707277747446534144
,,,,,,278255758
,,,,,,4905534499
,,,,,,100142075
,,,,,,4532313852
,,,,,,4269898882
,,,,,,703016119112568832
,,,,,,1839471
,,,,,,2289176439
,,,,,,526119734
,,,,,,2289176439
,,,,,,703653820727992320
,,,,,,703653820727992320
,,,,,,2375562804
,,,,,,498606133
,,,,,,204584481
,,,,,,710315331584184321
,,,,,,1130275662
,,,,,,3258163465
,,,,,,2536642753
,,,,,,2347719997
,,,,,,23002356
,,,,,,821842872
,,,,,,91909309
,,,,,,16388972
,,,,,,3258163465
,,,,,,2866897027
,,,,,,3676418836
,,,,,,2347719997
,,,,,,2750105810
,,,,,,785371303
,,,,,,14958496
,,,,,,17433344
,,,,,,3410762482
,,,,,,1730588532
,,,,,,595207333
,,,,,,1375717166
,,,,,,2250899358
,,,,,,2198218843
,,,,,,1566883434
,,,,,,3150388188
,,,,,,4872693562
,,,,,,9839732
,,,,,,81999145
,,,,,,3258163465
,,,,,,4490534239
,,,,,,1282297842
,,,,,,3596637732
,,,,,,1062211298
,,,,,,32325976
,,,,,,471237317
,,,,,,471237317
,,,,,,498606133
,,,,,,1052040667
,,,,,,4421940561
,,,,,,4787115639
,,,,,,4005092840
,,,,,,17176190
,,,,,,49845683
,,,,,,598989113
,,,,,,708805977718591488
,,,,,,498190665
,,,,,,2750105810
,,,,,,17904317
,,,,,,61567598
,,,,,,2750105810
,,,,,,372283888
,,,,,,3052449309
,,,,,,498190665
,,,,,,2347719997
,,,,,,3321386251
,,,,,,3258163465
,,,,,,3410762482
,,,,,,299929232
,,,,,,3420340515
,,,,,,100142075
,,,,,,3410762482
,,,,,,498190665
,,,,,,2347719997
,,,,,,1668677850
,,,,,,3182189198
,,,,,,3410762482
,,,,,,218682967
,,,,,,1130275662
,,,,,,2318139746
,,,,,,3420340515
,,,,,,2750105810
,,,,,,4490534239
,,,,,,4490534239
,,,,,,45951402
,,,,,,3258163465
,,,,,,1597357602
,,,,,,30528628
,,,,,,308821054
,,,,,,2347719997
,,,,,,708045371247689728
,,,,,,2922144762
,,,,,,538299434
,,,,,,30528628
,,,,,,146343205
,,,,,,2750105810
,,,,,,595207333
,,,,,,3052449309
,,,,,,61567598
,,,,,,703016119112568832
,,,,,,703016119112568832
,,,,,,136151527
,,,,,,20769879
,,,,,,4498870097
,,,,,,4498870097
,,,,,,324086895
,,,,,,2750105810
,,,,,,627159615
,,,,,,710636057130209281
,,,,,,710636057130209281
,,,,,,242937641
,,,,,,2171994504
,,,,,,3408262787
,,,,,,789629564
,,,,,,708805977718591488
,,,,,,250821190
,,,,,,3410762482
,,,,,,3410762482
,,,,,,32745985
,,,,,,2347719997
,,,,,,139268798
,,,,,,1615310634
,,,,,,1615310634
,,,,,,1615310634
,,,,,,51353013
,,,,,,395686677
,,,,,,4328211374
,,,,,,250833840
,,,,,,2347719997
,,,,,,498190665
,,,,,,3410762482
,,,,,,51353013
,,,,,,125232619
,,,,,,1392851928
,,,,,,3410762482
,,,,,,32325976
,,,,,,5645502
,,,,,,4384780642
,,,,,,312468742
,,,,,,2292076411
,,,,,,702314671286562816
,,,,,,182638165
,,,,,,3403417937
,,,,,,3150275718
,,,,,,3022809564
,,,,,,789629564
,,,,,,394390341
,,,,,,19250942
,,,,,,703653820727992320
,,,,,,703653820727992320
,,,,,,103735808
,,,,,,17266436
,,,,,,30528628
,,,,,,199056422
,,,,,,2319280751
,,,,,,708743923531784192
,,,,,,1677339655
,,,,,,3273997009
,,,,,,1229007625
,,,,,,16020526
,,,,,,1419471440
,,,,,,3410762482
,,,,,,2512824441
,,,,,,2512824441
,,,,,,705903063102410752
,,,,,,212769991
,,,,,,2750105810
,,,,,,3589878313
,,,,,,3589878313
,,,,,,4845420380
,,,,,,2891477268
,,,,,,484983185
,,,,,,2891477268
,,,,,,2289176439
,,,,,,2289176439
,,,,,,1301231136
,,,,,,414420900
,,,,,,352770616
,,,,,,49430686
,,,,,,49430686
,,,,,,2891477268
,,,,,,2891477268
,,,,,,2750105810
,,,,,,2891477268
,,,,,,13777142
,,,,,,325156655
,,,,,,2757593416
,,,,,,1613486107
,,,,,,232756374
,,,,,,3265669794
,,,,,,75318169
,,,,,,204584481
,,,,,,4880014131
,,,,,,2292076411
,,,,,,392454842
,,,,,,4828171334
,,,,,,704517600198307840
,,,,,,3010312991
,,,,,,90803598
,,,,,,242937641
,,,,,,66915389
,,,,,,707311380936806400
,,,,,,833558286
,,,,,,833558286
,,,,,,2817220760
,,,,,,17589041
,,,,,,3150275718
,,,,,,2177428656
,,,,,,2920820039
,,,,,,62743904
,,,,,,627159615
,,,,,,1279441988
,,,,,,709499317661343744
,,,,,,59191086
,,,,,,242937641
,,,,,,2289176439
,,,,,,3438469581
,,,,,,707246777515245572
,,,,,,2289176439
,,,,,,202638779
,,,,,,4766257664
,,,,,,2289176439
,,,,,,700005929
,,,,,,605786399
,,,,,,1470369115
,,,,,,16087504
,,,,,,4766257664
,,,,,,243989766
,,,,,,4674511622
,,,,,,707311380936806400
,,,,,,32325976
,,,,,,3102340027
,,,,,,189806241
,,,,,,32745985
,,,,,,93727830
,,,,,,421105572
,,,,,,328806321
,,,,,,3316267795
,,,,,,252283563
,,,,,,702361404179873792
,,,,,,703653820727992320
,,,,,,2297343444
,,,,,,4766257664
,,,,,,378024494
,,,,,,2418234043
,,,,,,4735783997
,,,,,,38378898
,,,,,,2894405490
,,,,,,2922144762
,,,,,,92933817
,,,,,,3153926748
,,,,,,2177428656
,,,,,,3406808015
,,,,,,67746074
,,,,,,4766257664
,,,,,,3475506734
,,,,,,2452403490
,,,,,,777365412
,,,,,,4856467638
,,,,,,421105572
,,,,,,2347719997
,,,,,,299929232
,,,,,,607558430
,,,,,,607558430
,,,,,,2347719997
,,,,,,4762738942
,,,,,,720896389
,,,,,,126007874
,,,,,,3150275718
,,,,,,62425737
,,,,,,331096788
,,,,,,4674511622
,,,,,,3150275718
,,,,,,4766257664
,,,,,,4501993460
,,,,,,278377978
,,,,,,2347719997
,,,,,,710316352326787074
,,,,,,703267155740127233
,,,,,,703267155740127233
,,,,,,2651777845
,,,,,,59191086
,,,,,,421105572
,,,,,,3002731166
,,,,,,3185061097
,,,,,,299929232
,,,,,,204584481
,,,,,,2347719997
,,,,,,4336734554
,,,,,,15995432
,,,,,,197587731
,,,,,,35694679
,,,,,,25646079
,,,,,,1682190110
,,,,,,4900603814
,,,,,,2181943688
,,,,,,3381197279
,,,,,,710636057130209281
,,,,,,136151527
,,,,,,405561109
,,,,,,3904956605
,,,,,,421105572
,,,,,,294838720
,,,,,,437061843
,,,,,,52890535
,,,,,,21352313
,,,,,,4674511622
,,,,,,1246900826
,,,,,,3065208302
,,,,,,2289176439
,,,,,,4674511622
,,,,,,4674511622
,,,,,,17027579
,,,,,,42300159
,,,,,,42300159
,,,,,,48673284
,,,,,,3305472835
,,,,,,488911358
,,,,,,48673284
,,,,,,1424058746
,,,,,,331212308
,,,,,,705612985675288576
,,,,,,204584481
,,,,,,62709965
,,,,,,3270709640
,,,,,,421105572
,,,,,,4674511622
,,,,,,48673284
,,,,,,720896389
,,,,,,1009956750
,,,,,,1009956750
,,,,,,2347719997
,,,,,,52890535
,,,,,,2651777845
,,,,,,250833840
,,,,,,116767135
,,,,,,204584481
,,,,,,48673284
,,,,,,703016119112568832
,,,,,,561818919
,,,,,,43561687
,,,,,,421105572
,,,,,,117496710
,,,,,,2347719997
,,,,,,2365960436
,,,,,,24083877
,,,,,,81629030
,,,,,,3366877630
,,,,,,3366877630
,,,,,,3366877630
,,,,,,308821054
,,,,,,4894919046
,,,,,,2397452323
,,,,,,81629030
,,,,,,4668331400
,,,,,,24321039
,,,,,,124898913
,,,,,,18073907
,,,,,,310593201
,,,,,,5854302
,,,,,,25744313
,,,,,,1130275662
,,,,,,24465244
,,,,,,52890535
,,,,,,299929232
,,,,,,2365960436
,,,,,,564106793
,,,,,,4728945939
,,,,,,4728945939
,,,,,,92345509
,,,,,,4728945939
,,,,,,4728945939
,,,,,,1188002203
,,,,,,708364857301725185
,,,,,,62425737
,,,,,,62425737
,,,,,,3150275718
,,,,,,3150275718
,,,,,,164798144
,,,,,,62743904
,,,,,,4550840832
,,,,,,4804089938
,,,,,,4845054264
,,,,,,4804089938
,,,,,,421105572
,,,,,,2565893561
,,,,,,2329733839
,,,,,,3182189198
,,,,,,193870239
,,,,,,2644167680
,,,,,,3519813856
,,,,,,4900603814
,,,,,,23879728
,,,,,,604883440
,,,,,,177357302
,,,,,,1936201356
,,,,,,307824921
,,,,,,1188002203
,,,,,,53238134
,,,,,,18887534
,,,,,,1130275662
,,,,,,17794589
,,,,,,705952448775643136
,,,,,,14181633
,,,,,,707332520656809989
,,,,,,3226781938
,,,,,,936198384
,,,,,,93929128
,,,,,,250833840
,,,,,,821842872
,,,,,,488867351
,,,,,,609740575
,,,,,,421105572
,,,,,,124896632
,,,,,,708743923531784192
,,,,,,4900603814
,,,,,,193104558
,,,,,,204584481
,,,,,,789629564
,,,,,,3311978841
,,,,,,705231620429783040
,,,,,,2356462418
,,,,,,821842872
,,,,,,821842872
,,,,,,3283655221
,,,,,,57874971
,,,,,,2347719997
,,,,,,152795399
,,,,,,1419471440
,,,,,,705231620429783040
,,,,,,707311380936806400
,,,,,,2385370477
,,,,,,2385370477
,,,,,,204809629
,,,,,,8287732
,,,,,,936198384
,,,,,,3101957078
,,,,,,17266436
,,,,,,86164231
,,,,,,705231620429783040
,,,,,,1571473105
,,,,,,353459688
,,,,,,1512079760
,,,,,,8287732
,,,,,,705231620429783040
,,,,,,62425737
,,,,,,124896632
,,,,,,17012384
,,,,,,2651777845
,,,,,,177357302
,,,,,,2329733839
,,,,,,710316352326787074
,,,,,,118748397
,,,,,,974469680
,,,,,,62743904
,,,,,,430272786
,,,,,,62743904
,,,,,,3097408302
,,,,,,4188214264
,,,,,,2393417394
,,,,,,255299883
,,,,,,175194993
,,,,,,4860478813
,,,,,,4860478813
,,,,,,2326487605
,,,,,,4674511622
,,,,,,2977672678
,,,,,,2646017632
,,,,,,14181633
,,,,,,2985270576
,,,,,,16829397
,,,,,,926371826
,,,,,,2706594966
,,,,,,409722999
,,,,,,585032395
,,,,,,2750105810
,,,,,,3097408302
,,,,,,228147604
,,,,,,3467193499
,,,,,,2177428656
,,,,,,3906077714
,,,,,,720896389
,,,,,,2925194214
,,,,,,85198087
,,,,,,204584481
,,,,,,507025919
,,,,,,703653820727992320
,,,,,,62425737
,,,,,,276209711
,,,,,,4764242683
,,,,,,708182912399609857
,,,,,,708471282304614400
,,,,,,704517600198307840
,,,,,,22173428
,,,,,,3193541789
,,,,,,4727841535
,,,,,,4543871893
,,,,,,299929232
,,,,,,1199477456
,,,,,,704853265469431809
,,,,,,1320974768
,,,,,,67542459
,,,,,,2519552569
,,,,,,2347719997
,,,,,,3249128817
,,,,,,1170545190
,,,,,,521996289
,,,,,,312475466
,,,,,,397462905
,,,,,,448778732
,,,,,,720896389
,,,,,,705231620429783040
,,,,,,22250337
,,,,,,21352313
,,,,,,1188002203
,,,,,,367750490
,,,,,,211749867
,,,,,,2347719997
,,,,,,2519552569
,,,,,,3173427774
,,,,,,710316352326787074
,,,,,,796459764
,,,,,,204584481
,,,,,,236723233
,,,,,,8315552
,,,,,,521154630
,,,,,,2307296066
,,,,,,2347719997
,,,,,,167954301
,,,,,,278221832
,,,,,,299929232
,,,,,,705231620429783040
,,,,,,2344136461
,,,,,,2344136461
,,,,,,2733971311
,,,,,,3052123136
,,,,,,3052123136
,,,,,,2347719997
,,,,,,4905534499
,,,,,,2561473995
,,,,,,1035498296
,,,,,,465829056
,,,,,,3249387504
,,,,,,135765769
,,,,,,1488241304
,,,,,,47426394
,,,,,,4674511622
,,,,,,356674548
,,,,,,212023751
,,,,,,706207022941868033
,,,,,,3024685051
,,,,,,4152548174
,,,,,,2519552569
,,,,,,21242484
,,,,,,1897204837
,,,,,,22339682
,,,,,,22177212
,,,,,,788545194
,,,,,,118595390
,,,,,,19134557
,,,,,,1328236202
,,,,,,153632066
,,,,,,2347719997
,,,,,,1070118643
,,,,,,2519552569
,,,,,,4674511622
,,,,,,707050439305342976
,,,,,,2519552569
,,,,,,1602535488
,,,,,,135765769
,,,,,,463457050
,,,,,,580612464
,,,,,,166534146
,,,,,,2307296066
,,,,,,187091075
,,,,,,4336734554
,,,,,,2519552569
,,,,,,308821054
,,,,,,2347719997
,,,,,,3408262787
,,,,,,2519552569
,,,,,,709149063342456833
,,,,,,15995432
,,,,,,579221693
,,,,,,2318139746
,,,,,,703016119112568832
,,,,,,521996289
,,,,,,2715384161
,,,,,,26435268
,,,,,,579221693
,,,,,,3816647542
,,,,,,3816647542
,,,,,,153632066
,,,,,,710497963374542849
,,,,,,3291764995
,,,,,,19134557
,,,,,,1146946760
,,,,,,502996905
,,,,,,2347719997
,,,,,,166534146
,,,,,,3976021402
,,,,,,579221693
,,,,,,187091075
,,,,,,3594364096
,,,,,,4531734792
,,,,,,132348576
,,,,,,2347719997
,,,,,,2519552569
,,,,,,2347719997
,,,,,,2287108850
,,,,,,3976021402
,,,,,,71607386
,,,,,,579221693
,,,,,,3402676565
,,,,,,3896318180
,,,,,,2519552569
,,,,,,3263253388
,,,,,,579221693
,,,,,,2614352281
,,,,,,2519552569
,,,,,,421105572
,,,,,,3976021402
,,,,,,2519552569
,,,,,,3861654793
,,,,,,762218220
,,,,,,225277285
,,,,,,903279661
,,,,,,4550840832
,,,,,,579221693
,,,,,,1344797053
,,,,,,4531734792
,,,,,,2177428656
,,,,,,2519552569
,,,,,,166534146
,,,,,,358410527
,,,,,,89898902
,,,,,,552219477
,,,,,,4665743419
,,,,,,2347719997
,,,,,,2519552569
,,,,,,2519552569
,,,,,,4550840832
,,,,,,2519552569
,,,,,,536605175
,,,,,,536605175
,,,,,,189806241
,,,,,,2347719997
,,,,,,706740934973771776
,,,,,,2519552569
,,,,,,2859822885
,,,,,,2859822885
,,,,,,2365960436
,,,,,,4531734792
,,,,,,4531734792
,,,,,,414924750
,,,,,,536605175
,,,,,,3309704088
,,,,,,3309704088
,,,,,,2519552569
,,,,,,579221693
,,,,,,83717415
,,,,,,2347719997
,,,,,,3189266828
,,,,,,26572618
,,,,,,98737961
,,,,,,17719592
,,,,,,2959995584
,,,,,,76062333
,,,,,,577003179
,,,,,,579221693
,,,,,,2942668514
,,,,,,4531734792
,,,,,,1689072020
,,,,,,358410527
,,,,,,536605175
,,,,,,3182189198
,,,,,,706207022941868033
,,,,,,502639312
,,,,,,17258834
,,,,,,702330192451268608
,,,,,,456221429
,,,,,,75318169
,,,,,,315731502
,,,,,,4880284084
,,,,,,2695736011
,,,,,,98737961
,,,,,,3310975375
,,,,,,2166888083
,,,,,,2177428656
,,,,,,204584481
,,,,,,38008488
,,,,,,304132230
,,,,,,2343966982
,,,,,,3196933512
,,,,,,56005102
,,,,,,38008488
,,,,,,703016119112568832
,,,,,,703016119112568832
,,,,,,703016119112568832
,,,,,,3368690836
,,,,,,1456230379
,,,,,,977432202
,,,,,,705240096849530880
,,,,,,2779066945
,,,,,,4855874126
,,,,,,455428468
,,,,,,627159615
,,,,,,2177428656
,,,,,,23879728
,,,,,,2831001309
,,,,,,2343966982
,,,,,,1260410750
,,,,,,3268329396
,,,,,,486962739
,,,,,,3190441334
,,,,,,2343966982
,,,,,,710316352326787074
,,,,,,4845420380
,,,,,,204584481
,,,,,,177357302
,,,,,,585032395
,,,,,,706207022941868033
,,,,,,4727121754
,,,,,,4880284084
,,,,,,709499317661343744
,,,,,,4421940561
,,,,,,70374894
,,,,,,4795501946
,,,,,,2545900439
,,,,,,4665743419
,,,,,,187387276
,,,,,,137976776
,,,,,,4527097936
,,,,,,211749867
,,,,,,24484132
,,,,,,2337329791
,,,,,,777365412
,,,,,,3188213971
,,,,,,3976021402
,,,,,,138875488
,,,,,,3816647542
,,,,,,1880574290
,,,,,,4527097936
,,,,,,2399398411
,,,,,,2838346176
,,,,,,977432202
,,,,,,38008488
,,,,,,859315448
,,,,,,2651777845
,,,,,,3226473552
,,,,,,2292076411
,,,,,,344772996
,,,,,,3861654793
,,,,,,43414431
,,,,,,301233784
,,,,,,24190388
,,,,,,1880574290
,,,,,,352431233
,,,,,,3816647542
,,,,,,712373192
,,,,,,2177428656
,,,,,,24190388
,,,,,,3092805227
,,,,,,2471565302
,,,,,,521996289
,,,,,,3408262787
,,,,,,98737961
,,,,,,15032359
,,,,,,3239124114
,,,,,,204584481
,,,,,,281781436
,,,,,,3288348368
,,,,,,2249079350
,,,,,,540563441
,,,,,,25593491
,,,,,,4527097936
,,,,,,61567598
,,,,,,701976635810123776
,,,,,,859315448
,,,,,,3368690836
,,,,,,99424668
,,,,,,38008488
,,,,,,18819079
,,,,,,4608693673
,,,,,,4674511622
,,,,,,709072199362093056
,,,,,,4728945939
,,,,,,3386565695
,,,,,,860518890
,,,,,,102385375
,,,,,,517295547
,,,,,,2218531554
,,,,,,595931450
,,,,,,219388589
,,,,,,281781436
,,,,,,61567598
,,,,,,3309704088
,,,,,,102385375
,,,,,,22339682
,,,,,,4705502727
,,,,,,1949880259
,,,,,,23037924
,,,,,,23341160
,,,,,,4498870097
,,,,,,705231620429783040
,,,,,,22339682
,,,,,,236897160
,,,,,,630842955
,,,,,,102385375
,,,,,,61567598
,,,,,,36884457
,,,,,,705638309192605696
,,,,,,340534889
,,,,,,340534889
,,,,,,2519552569
,,,,,,696168758616850432
,,,,,,4531734792
,,,,,,16086967
,,,,,,102385375
,,,,,,299929232
,,,,,,3182189198
,,,,,,262707047
,,,,,,4795501946
,,,,,,710316352326787074
,,,,,,604075764
,,,,,,221642866
,,,,,,3189079268
,,,,,,3189079268
,,,,,,2453534786
,,,,,,3122566250
,,,,,,4665743419
,,,,,,3410762482
,,,,,,3478662552
,,,,,,4727841535
,,,,,,4880284084
,,,,,,707447989921570816
,,,,,,3478662552
,,,,,,4765217102
,,,,,,3478662552
,,,,,,3410762482
,,,,,,3410762482
,,,,,,4880284084
,,,,,,2942668514
,,,,,,1678328324
,,,,,,717211786336944128
,,,,,,276209711
,,,,,,2942668514
,,,,,,2577349861
,,,,,,4784980309
,,,,,,3410762482
,,,,,,4880284084
,,,,,,3410762482
,,,,,,2942668514
,,,,,,788545194
,,,,,,4868153237
,,,,,,4868153237
,,,,,,2407518056
,,,,,,2853852720
,,,,,,1676042780
,,,,,,701976635810123776
,,,,,,299929232
,,,,,,136151527
,,,,,,788545194
,,,,,,27835263
,,,,,,27835263
,,,,,,16086967
,,,,,,3182189198
,,,,,,3182189198
,,,,,,3182189198
,,,,,,3141672447
,,,,,,706359665886568448
,,,,,,762218220
,,,,,,25361850
,,,,,,25361850
,,,,,,635288874
,,,,,,285930452
,,,,,,31450005
,,,,,,31450005
,,,,,,31450005
,,,,,,299929232
,,,,,,1575823363
,,,,,,2549316973
,,,,,,4531734792
,,,,,,4531734792
,,,,,,705131684082032640
,,,,,,2577349861
,,,,,,14181633
,,,,,,4608693673
,,,,,,31450005
,,,,,,4608693673
,,,,,,136151527
,,,,,,2154028783
,,,,,,833558286
,,,,,,1380395310
,,,,,,833558286
,,,,,,18172597
,,,,,,833558286
,,,,,,35860880
,,,,,,35860880
,,,,,,83772929
,,,,,,25361850
,,,,,,977432202
,,,,,,1383887893
,,,,,,977432202
,,,,,,548773022
,,,,,,2767939724
,,,,,,138875488
,,,,,,301233784
,,,,,,4608693673
,,,,,,2177428656
,,,,,,47899263
,,,,,,1243401056
,,,,,,1243401056
,,,,,,705131684082032640
,,,,,,17054728
,,,,,,2557120332
,,,,,,2557120332
,,,,,,24321039
,,,,,,514038892
,,,,,,303609788
,,,,,,4531734792
,,,,,,4608693673
,,,,,,731018712
,,,,,,514038892
,,,,,,303609788
,,,,,,3257591580
,,,,,,3146373583
,,,,,,17112700
,,,,,,24484132
,,,,,,841217874
,,,,,,32347848
,,,,,,2231982672
,,,,,,100142075
,,,,,,705231620429783040
,,,,,,4848481588
,,,,,,705231620429783040
,,,,,,2951344404
,,,,,,3769260919
,,,,,,874700370
,,,,,,4704903234
,,,,,,27127139
,,,,,,2304319056
,,,,,,975136262
,,,,,,2347830823
,,,,,,219947655
,,,,,,138875488
,,,,,,20863676
,,,,,,3408262787
,,,,,,18172597
,,,,,,468690764
,,,,,,4925201710
,,,,,,3308212866
,,,,,,2942668514
,,,,,,16088456
,,,,,,17719592
,,,,,,1470789247
,,,,,,4581309612
,,,,,,128952888
,,,,,,988425014
,,,,,,2303037591
,,,,,,2577349861
,,,,,,521996289
,,,,,,1362949182
,,,,,,343246453
,,,,,,1328063953
,,,,,,24566830
,,,,,,31450005
,,,,,,48562518
,,,,,,117455101
,,,,,,977432202
,,,,,,4531734792
,,,,,,345894993
,,,,,,80350908
,,,,,,249935657
,,,,,,3744670696
,,,,,,3744670696
,,,,,,17305123
,,,,,,705638309192605696
,,,,,,204584481
,,,,,,4894919046
,,,,,,23282053
,,,,,,459716881
,,,,,,777365412
,,,,,,4766257664
,,,,,,988425014
,,,,,,95443152
,,,,,,4766257664
,,,,,,2546569084
,,,,,,2546569084
,,,,,,2177428656
,,,,,,1243401056
,,,,,,2943386337
,,,,,,53545365
,,,,,,102870492
,,,,,,706340748317343745
,,,,,,2347719997
,,,,,,2177428656
,,,,,,4766257664
,,,,,,3861654793
,,,,,,1431738110
,,,,,,521996289
,,,,,,707332520656809989
,,,,,,4766257664
,,,,,,3035660929
,,,,,,514038892
,,,,,,3408262787
,,,,,,1252521289
,,,,,,16116612
,,,,,,347355845
,,,,,,2229483438
,,,,,,2347719997
,,,,,,4674511622
,,,,,,3257591580
,,,,,,189806241
,,,,,,4845735014
,,,,,,4880284084
,,,,,,4608693673
,,,,,,710316352326787074
,,,,,,4766257664
,,,,,,55816989
,,,,,,2318139746
,,,,,,4550840832
,,,,,,987848258
,,,,,,2177428656
,,,,,,202638779
,,,,,,4860478813
,,,,,,4531734792
,,,,,,705231620429783040
,,,,,,701720232
,,,,,,711073198792708096
,,,,,,2818246943
,,,,,,3344033836
,,,,,,4608693673
,,,,,,2177428656
,,,,,,3257591580
,,,,,,335169890
,,,,,,152795399
,,,,,,3171738157
,,,,,,3257591580
,,,,,,4723651527
,,,,,,358410527
,,,,,,31450005
,,,,,,627159615
,,,,,,2579162077
,,,,,,2177428656
,,,,,,2577349861
,,,,,,521996289
,,,,,,25393191
,,,,,,2577349861
,,,,,,158496230
,,,,,,2337329791
,,,,,,777365412
,,,,,,3222658039
,,,,,,521996289
,,,,,,322874617
,,,,,,358410527
,,,,,,335169890
,,,,,,3275246257
,,,,,,521996289
,,,,,,413640977
,,,,,,4531734792
,,,,,,14181633
,,,,,,16829397
,,,,,,4721679323
,,,,,,704069631024058368
,,,,,,710316352326787074
,,,,,,422400565
,,,,,,4492875073
,,,,,,521996289
,,,,,,3344033836
,,,,,,15964210
,,,,,,18254417
,,,,,,613926514
,,,,,,2347719997
,,,,,,98737961
,,,,,,387398870
,,,,,,4608693673
,,,,,,3235415942
,,,,,,3060449429
,,,,,,26433346
,,,,,,3035660929
,,,,,,100142075
,,,,,,3900616693
,,,,,,2249079350
,,,,,,202638779
,,,,,,266411591
,,,,,,1301400318
,,,,,,22250337
,,,,,,701975128658284544
,,,,,,358410527
,,,,,,2847694595
,,,,,,405794388
,,,,,,98737961
,,,,,,4492875073
,,,,,,3648946277
,,,,,,358410527
,,,,,,373161911
,,,,,,4492875073
,,,,,,4492875073
,,,,,,314548237
,,,,,,4550840832
,,,,,,4492875073
,,,,,,2177428656
,,,,,,2177428656
,,,,,,171638751
,,,,,,4492875073
,,,,,,3408262787
,,,,,,3408262787
,,,,,,4494205819
,,,,,,4608693673
,,,,,,4492875073
,,,,,,4492875073
,,,,,,98737961
,,,,,,3464904457
,,,,,,3464904457
,,,,,,3906077714
,,,,,,4608693673
,,,,,,299929232
,,,,,,299929232
,,,,,,975136262
,,,,,,4608693673
,,,,,,1077970982
,,,,,,204584481
,,,,,,701196319113682944
,,,,,,442593662
,,,,,,202638779
,,,,,,4870092732
,,,,,,204584481
,,,,,,2838346176
,,,,,,707311380936806400
,,,,,,4728945939
,,,,,,810053322
,,,,,,25393191
,,,,,,256219684
,,,,,,2337329791
,,,,,,622996524
,,,,,,2375562804
,,,,,,93929128
,,,,,,18298738
,,,,,,2329733839
,,,,,,14181633
,,,,,,3072748658
,,,,,,4492875073
,,,,,,4492875073
,,,,,,3682896378
,,,,,,4492875073
,,,,,,3408262787
,,,,,,10865842
,,,,,,2177428656
,,,,,,80350908
,,,,,,2821443860
,,,,,,10865842
,,,,,,174931688
,,,,,,710316352326787074
,,,,,,4492875073
,,,,,,3311690040
,,,,,,821842872
,,,,,,3258163465
,,,,,,16367986
,,,,,,4845420380
,,,,,,25393191
,,,,,,4492875073
,,,,,,850018478
,,,,,,1015035295
,,,,,,705231620429783040
,,,,,,299929232
,,,,,,3305465138
,,,,,,4492875073
,,,,,,2375562804
,,,,,,705231620429783040
,,,,,,190176826
,,,,,,3258163465
,,,,,,1880574290
,,,,,,3265669794
,,,,,,1120843567
,,,,,,937572644
,,,,,,3305465138
,,,,,,4492875073
,,,,,,705231620429783040
,,,,,,358410527
,,,,,,2481115141
,,,,,,164029981
,,,,,,2208180572
,,,,,,1691497362
,,,,,,821842872
,,,,,,3220025137
,,,,,,937572644
,,,,,,16086967
,,,,,,2560043017
,,,,,,810053322
,,,,,,788545194
,,,,,,117549200
,,,,,,3258163465
,,,,,,707332520656809989
,,,,,,8287732
,,,,,,3408262787
,,,,,,3713508623
,,,,,,18254417
,,,,,,707447989921570816
,,,,,,710316352326787074
,,,,,,3258163465
,,,,,,299929232
,,,,,,248760067
,,,,,,383385447
,,,,,,1448244912
,,,,,,189806241
,,,,,,100142075
,,,,,,762218220
,,,,,,20868515
,,,,,,705240096849530880
,,,,,,16367986
,,,,,,249935657
,,,,,,94366419
,,,,,,4608693673
,,,,,,23844792
,,,,,,423161231
,,,,,,821842872
,,,,,,3258163465
,,,,,,3250742238
,,,,,,49029373
,,,,,,16849063
,,,,,,204584481
,,,,,,706315757265641472
,,,,,,211955738
,,,,,,4492875073
,,,,,,707820976055197696
,,,,,,3182189198
,,,,,,855956293
,,,,,,31450005
,,,,,,3182189198
,,,,,,937572644
,,,,,,158846588
,,,,,,38019986
,,,,,,2629831940
,,,,,,3227476896
,,,,,,189806241
,,,,,,3408262787
,,,,,,32745985
,,,,,,17452651
,,,,,,622996524
,,,,,,4608693673
,,,,,,4492875073
,,,,,,2170231978
,,,,,,31450005
,,,,,,3308524436
,,,,,,803208264
,,,,,,389784015
,,,,,,286408288
,,,,,,192990889
,,,,,,23879728
,,,,,,700436713097658368
,,,,,,2337329791
,,,,,,19269310
,,,,,,28952731
,,,,,,18254417
,,,,,,18254417
,,,,,,352665665
,,,,,,2305647182
,,,,,,8287732
,,,,,,47877762
,,,,,,361527674
,,,,,,3313700041
,,,,,,4244457140
,,,,,,592632077
,,,,,,592632077
,,,,,,1880574290
,,,,,,16367986
,,,,,,82557499
,,,,,,55816989
,,,,,,19269310
,,,,,,337457358
,,,,,,337457358
,,,,,,37519067
,,,,,,4214342292
,,,,,,23879728
,,,,,,82557499
,,,,,,384123497
,,,,,,219388589
,,,,,,82557499
,,,,,,2838346176
,,,,,,27734496
,,,,,,3239124114
,,,,,,276014492
,,,,,,39824470
,,,,,,118159121
,,,,,,4492875073
,,,,,,48673284
,,,,,,4492875073
,,,,,,4492875073
,,,,,,82557499
,,,,,,18254417
,,,,,,22887971
,,,,,,4665743419
,,,,,,204584481
,,,,,,4492875073
,,,,,,4890981267
,,,,,,4492875073
,,,,,,117455101
,,,,,,197621220
,,,,,,4665743419
,,,,,,23322352
,,,,,,23322352
,,,,,,54446563
,,,,,,204584481
,,,,,,2953609818
,,,,,,17112700
,,,,,,2399398411
,,,,,,3220025137
,,,,,,4581309612
,,,,,,359239414
,,,,,,334293750
,,,,,,874700370
,,,,,,18910693
,,,,,,18254417
,,,,,,2595739767
,,,,,,4492875073
,,,,,,4780806074
,,,,,,40601552
,,,,,,138875488
,,,,,,4764242683
,,,,,,14421994
,,,,,,2981133503
,,,,,,3713508623
,,,,,,500504072
,,,,,,3188160816
,,,,,,3784601953
,,,,,,37519067
,,,,,,4492875073
,,,,,,14595942
,,,,,,704069631024058368
,,,,,,4845420380
,,,,,,559929936
,,,,,,3491523136
,,,,,,219388589
,,,,,,3309854115
,,,,,,85723812
,,,,,,3300810177
,,,,,,14421994
,,,,,,3325163336
,,,,,,343218328
,,,,,,484983185
,,,,,,17112700
,,,,,,4492875073
,,,,,,29492453
,,,,,,189806241
,,,,,,2509327604
,,,,,,2509327604
,,,,,,3784601953
,,,,,,53340528
,,,,,,18254417
,,,,,,2292076411
,,,,,,2292076411
,,,,,,387398870
,,,,,,80919760
,,,,,,80919760
,,,,,,901034696
,,,,,,3298415884
,,,,,,4490534239
,,,,,,1009956750
,,,,,,1009956750
,,,,,,4270034653
,,,,,,378394895
,,,,,,484983185
,,,,,,484983185
,,,,,,484983185
,,,,,,192034761
,,,,,,16367986
,,,,,,164029981
,,,,,,299929232
,,,,,,3680608109
,,,,,,3072748658
,,,,,,40601552
,,,,,,3308524436
,,,,,,3260102226
,,,,,,2352567199
,,,,,,17262949
,,,,,,3190441334
,,,,,,18910693
,,,,,,704069631024058368
,,,,,,211955738
,,,,,,4870092732
,,,,,,4793981017
,,,,,,4793981017
,,,,,,2742215224
,,,,,,80919760
,,,,,,2870144177
,,,,,,204584481
,,,,,,4492875073
,,,,,,56190070
,,,,,,31450005
,,,,,,31450005
,,,,,,4200373047
,,,,,,465377860
,,,,,,18327427
,,,,,,4492875073
,,,,,,46190238
,,,,,,4492875073
,,,,,,3226355915
,,,,,,3276428960
,,,,,,4492875073
,,,,,,93765208
,,,,,,236897160
,,,,,,4005092840
,,,,,,139268798
,,,,,,1615310634
,,,,,,3258163465
,,,,,,189806241
,,,,,,21658034
,,,,,,4492875073
,,,,,,3182146801
,,,,,,16849063
,,,,,,620383029
,,,,,,211955738
,,,,,,286348171
,,,,,,4492875073
,,,,,,3298415884
,,,,,,3258163465
,,,,,,859315448
,,,,,,710316352326787074
,,,,,,70631093
,,,,,,3680608109
,,,,,,18008403
,,,,,,14782782
,,,,,,3298415884
,,,,,,2252426126
,,,,,,204584481
,,,,,,250433871
,,,,,,3408262787
,,,,,,3273654205
,,,,,,128737343
,,,,,,73714127
,,,,,,2916870451
,,,,,,3298415884
,,,,,,707806630046470144
,,,,,,3048022453
,,,,,,3258163465
,,,,,,132198476
,,,,,,80919760
,,,,,,803208264
,,,,,,2900062862
,,,,,,2347719997
,,,,,,142830695
,,,,,,18910693
,,,,,,4214460017
,,,,,,18327427
,,,,,,3258163465
,,,,,,4492875073
,,,,,,66739464
,,,,,,18327427
,,,,,,48967891
,,,,,,50011527
,,,,,,2577349861
,,,,,,3258163465
,,,,,,4527097936
,,,,,,4527097936
,,,,,,1013374544
,,,,,,186725869
,,,,,,2541816914
,,,,,,2862682151
,,,,,,65636102
,,,,,,22822556
,,,,,,4894919046
,,,,,,249893457
,,,,,,135556348
,,,,,,49129326
,,,,,,49129326
,,,,,,833558286
,,,,,,833558286
,,,,,,40601552
,,,,,,287464026
,,,,,,1052139752
,,,,,,3193944696
,,,,,,18910693
,,,,,,80155484
,,,,,,204584481
,,,,,,3271582856
,,,,,,3332209925
,,,,,,18910693
,,,,,,515061561
,,,,,,18008403
,,,,,,14181633
,,,,,,615830254
,,,,,,3332209925
,,,,,,4492875073
,,,,,,2437614463
,,,,,,4492875073
,,,,,,85723812
,,,,,,2706594966
,,,,,,704024829964345344
,,,,,,4492875073
,,,,,,383085116
,,,,,,16367986
,,,,,,18327427
,,,,,,701196319113682944
,,,,,,4848722925
,,,,,,3440881344
,,,,,,266411591
,,,,,,703694587605307392
,,,,,,704069631024058368
,,,,,,211955738
,,,,,,158846588
,,,,,,2553452521
,,,,,,204584481
,,,,,,4728142435
,,,,,,710316352326787074
,,,,,,18910693
,,,,,,80919760
,,,,,,27968672
,,,,,,94076386
,,,,,,3273654205
,,,,,,36134672
,,,,,,485923710
,,,,,,392288903
,,,,,,4492875073
,,,,,,7778092
,,,,,,18748222
,,,,,,4492875073
,,,,,,575729987
,,,,,,361527674
,,,,,,575724503
,,,,,,2375562804
,,,,,,536605175
,,,,,,152795399
,,,,,,416490624
,,,,,,3408262787
,,,,,,385041928
,,,,,,311884997
,,,,,,1686977846
,,,,,,3308524436
,,,,,,2365960436
,,,,,,3257591580
,,,,,,299929232
,,,,,,204584481
,,,,,,36134672
,,,,,,36134672
,,,,,,322370610
,,,,,,2839456584
,,,,,,54446563
,,,,,,424180425
,,,,,,3109949202
,,,,,,521996289
,,,,,,2742215224
,,,,,,3713508623
,,,,,,4492875073
,,,,,,85198087
,,,,,,44075260
,,,,,,382244726
,,,,,,14613348
,,,,,,4665743419
,,,,,,4492875073
,,,,,,140657973
,,,,,,4492875073
,,,,,,706480396997885952
,,,,,,701975128658284544
,,,,,,701976635810123776
,,,,,,4492875073
,,,,,,490565694
,,,,,,280620793
,,,,,,4492875073
,,,,,,385041928
,,,,,,4883112376
,,,,,,80919760
,,,,,,80919760
,,,,,,204584481
,,,,,,204584481
,,,,,,37413577
,,,,,,37413577
,,,,,,385041928
,,,,,,709960657354018816
,,,,,,211955738
,,,,,,211955738
,,,,,,12903462
,,,,,,3193944696
,,,,,,3193944696
,,,,,,254818045
,,,,,,4907495117
,,,,,,615599662
,,,,,,17112700
,,,,,,4200373047
,,,,,,2983754514
,,,,,,2983754514
,,,,,,18254417
,,,,,,17112700
,,,,,,17112700
,,,,,,385041928
,,,,,,627159615
,,,,,,54446563
,,,,,,467212067
,,,,,,2194919550
,,,,,,17112700
,,,,,,536605175
,,,,,,18254417
,,,,,,2514058751
,,,,,,706480396997885952
,,,,,,2984780627
,,,,,,2984780627
,,,,,,2984780627
,,,,,,2984780627
,,,,,,2693996359
,,,,,,3373085235
,,,,,,706323980051828736
,,,,,,98737961
,,,,,,98737961
,,,,,,3300942849
,,,,,,174931688
,,,,,,3341753009
,,,,,,3305514374
,,,,,,2519552569
,,,,,,2816734476
,,,,,,3467193499
,,,,,,1350480668
,,,,,,2177428656
,,,,,,2177428656
,,,,,,26819165
,,,,,,90803598
,,,,,,1514258707
,,,,,,98929138
,,,,,,710676391021268993
,,,,,,204584481
,,,,,,500504072
,,,,,,982053722
,,,,,,2584991983
,,,,,,95963751
,,,,,,308821054
,,,,,,307677859
,,,,,,295710814
,,,,,,2706403100
,,,,,,222039522
,,,,,,2993296372
,,,,,,244220129
,,,,,,14297863
,,,,,,2682092162
,,,,,,2253053142
,,,,,,14198168
,,,,,,439327032
,,,,,,2347719997
,,,,,,439327032
,,,,,,439327032
,,,,,,2973927826
,,,,,,439327032
,,,,,,439327032
,,,,,,705146476788224001
,,,,,,602790247
,,,,,,315788720
,,,,,,1009956750
,,,,,,439327032
,,,,,,439327032
,,,,,,3885245652
,,,,,,1510787130
,,,,,,439327032
,,,,,,705146476788224001
,,,,,,3233591683
,,,,,,439327032
,,,,,,3000529355
,,,,,,2392789262
,,,,,,3232189381
,,,,,,346241331
,,,,,,3071897691
,,,,,,1164224114
,,,,,,2730292356
,,,,,,48219360
,,,,,,174606715
,,,,,,1164224114
,,,,,,2730292356
,,,,,,4280750423
,,,,,,420879508
,,,,,,48219360
,,,,,,704050611952750592
,,,,,,3409443191
,,,,,,73557861
,,,,,,4907645052
,,,,,,49430686
,,,,,,700912435
,,,,,,3951725801
,,,,,,14819311
,,,,,,4745298855
,,,,,,2396554608
,,,,,,3409443191
,,,,,,1652838942
,,,,,,43337118
,,,,,,22502439
,,,,,,22502439
,,,,,,18304706
,,,,,,1108993952
,,,,,,766008188
,,,,,,4820846326
,,,,,,3408262787
,,,,,,1621733996
,,,,,,3437373911
,,,,,,345539451
,,,,,,900237054
,,,,,,35336511
,,,,,,1652838942
,,,,,,24977311
,,,,,,141755994
,,,,,,3437373911
,,,,,,136601051
,,,,,,3358658409
,,,,,,35336511
,,,,,,3177941678
,,,,,,420879508
,,,,,,1652838942
,,,,,,202786571
,,,,,,2335911820
,,,,,,100600895
,,,,,,4827089729
,,,,,,870673578
,,,,,,100600895
,,,,,,4250647754
,,,,,,1472542232
,,,,,,136601051
,,,,,,375725650
,,,,,,1652838942
,,,,,,14757644
,,,,,,422138186
,,,,,,4833257841
,,,,,,1199387089
,,,,,,1766360600
,,,,,,2899222223
,,,,,,40916738
,,,,,,944224682
,,,,,,15846785
,,,,,,1301379584
,,,,,,375725650
,,,,,,76936250
,,,,,,710802336344580096
,,,,,,3403645486
,,,,,,32512628
,,,,,,3688205783
,,,,,,59043846
,,,,,,1388136379
,,,,,,250699147
,,,,,,249888068
,,,,,,17756195
,,,,,,1863537037
,,,,,,3896318180
,,,,,,4908912311
,,,,,,66146530
,,,,,,1565939916
,,,,,,108417706
,,,,,,61567598
,,,,,,406484279
,,,,,,3661022593
,,,,,,3186897906
,,,,,,64452962
,,,,,,790799510
,,,,,,17203795
,,,,,,4838921368
,,,,,,3406351361
,,,,,,4876832680
,,,,,,2883498634
,,,,,,32512628
,,,,,,1565939916
,,,,,,268323119
,,,,,,18153750
,,,,,,3408262787
,,,,,,3237305590
,,,,,,17203795
,,,,,,756100196
,,,,,,711394861962776576
,,,,,,30664375
,,,,,,3438106367
,,,,,,3305472835
,,,,,,1164224114
,,,,,,2267824675
,,,,,,2267824675
,,,,,,444305359
,,,,,,16866585
,,,,,,1164224114
,,,,,,17591828
,,,,,,4797427108
,,,,,,1668677850
,,,,,,1419133700
,,,,,,1164224114
,,,,,,607558430
,,,,,,988425014
,,,,,,117822105
,,,,,,1164224114
,,,,,,701249070774489089
,,,,,,2565984139
,,,,,,1164224114
,,,,,,24498881
,,,,,,1164224114
,,,,,,3226586716
,,,,,,1164224114
,,,,,,550136179
,,,,,,2473388431
,,,,,,1164224114
,,,,,,4884436077
,,,,,,2163208544
,,,,,,711394861962776576
,,,,,,4910934128
,,,,,,865059277
,,,,,,3324561251
,,,,,,2565984139
,,,,,,37438067
,,,,,,21237658
,,,,,,145087572
,,,,,,4222254388
,,,,,,4870355974
,,,,,,1164224114
,,,,,,25377285
,,,,,,1480971068
,,,,,,3340308658
,,,,,,2906735656
,,,,,,1397621738
,,,,,,21615707
,,,,,,2262069308
,,,,,,129394351
,,,,,,1323165422
,,,,,,1056388153
,,,,,,1398955992
,,,,,,1398955992
,,,,,,70351584
,,,,,,3403470851
,,,,,,17980398
,,,,,,17980398
,,,,,,12096732
,,,,,,1424469546
,,,,,,909556076
,,,,,,2996299967
,,,,,,1424469546
,,,,,,2654779818
,,,,,,4705974577
,,,,,,27041636
,,,,,,66160677
,,,,,,251444308
,,,,,,3179207340
,,,,,,3230944180
,,,,,,381314870
,,,,,,1424469546
,,,,,,164444085
,,,,,,2906735656
,,,,,,143115107
,,,,,,2654622812
,,,,,,861398108
,,,,,,242980410
,,,,,,27041636
,,,,,,49430686
,,,,,,49430686
,,,,,,21352055
,,,,,,32900242
,,,,,,59908391
,,,,,,40482997
,,,,,,40482997
,,,,,,130517826
,,,,,,1424469546
,,,,,,853801490
,,,,,,164444085
,,,,,,4898754082
,,,,,,1424469546
,,,,,,321646852
,,,,,,193972607
,,,,,,2863858411
,,,,,,500438875
,,,,,,909556076
,,,,,,201359275
,,,,,,17112700
,,,,,,4267156996
,,,,,,31223236
,,,,,,420879508
,,,,,,22521767
,,,,,,16792302
,,,,,,20472858
,,,,,,790638834
,,,,,,3004571313
,,,,,,2450035087
,,,,,,1645452409
,,,,,,593909512
,,,,,,3711496576
,,,,,,324636866
,,,,,,430272786
,,,,,,4916544857
,,,,,,3861654793
,,,,,,335169890
,,,,,,259121785
,,,,,,324489515
,,,,,,24683730
,,,,,,249888068
,,,,,,249888068
,,,,,,262273722
,,,,,,3896318180
,,,,,,607558430
,,,,,,580408564
,,,,,,41962890
,,,,,,2172487520
,,,,,,333134880
,,,,,,251444308
,,,,,,308821054
,,,,,,2252469409
,,,,,,319939901
,,,,,,2231154998
,,,,,,2385731677
,,,,,,1491040092
,,,,,,1434253069
,,,,,,319939901
,,,,,,4793981017
,,,,,,1529809286
,,,,,,703966688136581120
,,,,,,704391826338402304
,,,,,,14613348
,,,,,,886886510
,,,,,,83166159
,,,,,,1135261376
,,,,,,4105426217
,,,,,,914482993
,,,,,,3311032628
,,,,,,4579134683
,,,,,,2294650709
,,,,,,1306313984
,,,,,,545474475
,,,,,,4595518214
,,,,,,912572004
,,,,,,2305441177
,,,,,,1965072444
,,,,,,16060992
,,,,,,1245109687
,,,,,,18910693
,,,,,,324636866
,,,,,,97430174
,,,,,,25744313
,,,,,,23676863
,,,,,,241776425
,,,,,,708187577690394624
,,,,,,2385287599
,,,,,,4105426217
,,,,,,40013530
,,,,,,2906735656
,,,,,,262273722
,,,,,,703016119112568832
,,,,,,217513485
,,,,,,15326206
,,,,,,527383763
,,,,,,4780650020
,,,,,,4579134683
