RemyKyd,21,0.0,0.25,969,0,2831716679,[-1]
Jvirden22,1,60.0,0.75,2,127,812165202,|[604195584, 720896389, 2391870344, 3182189198, 132337948, 11332012, 708743923531784192, 23879728, 1448244912, 3220025137, 4907645052, 331918779, 2347719997, 1135261376, 2838346176, 588843333, 18353097, 1013374544, 802584787, 145087572, 441338964, 4804089938, 3885245652, 2943386337, 550136179, -1, 124896632, 3193944696, 485923710]|
VictorB836,29,60.0,0.375,1921,0,344477327,[-1]
NMwomen4Bernie,55,60.0,0.0,46,0,3234605299,[-1]
iamshunkwugga,15,60.0,0.25,259,84,704517600198307840,|[1306313984, 720896389, 3182189198, 38378898, 3976021402, 3257591580, 189806241, 615599662, 3193944696, 3220025137, 262273722, 35336511, 2838346176, 212023751, 37413577, 4907495117, 1013374544, 4804089938, 93727830, 3402676565, 1392851928, 3382135659, 1323165422, 886886510, 550136179, 705146476788224001, 2292076411, -1]|
JMP_Mulcahy,0,60.0,0.5,2320,0,2993440827,[-1]
feathersnpaws,7,60.0,-0.375,73,579,24566830,|[4550840832, 3300942849, 166534146, 2443083780, 710229554179084288, 17054728, 217513485, 2788209677, 853801490, 10487832, 4884090904, 33995295, 172032031, 12903462, 22502439, 15995432, 615599662, 378024494, 23879728, 276209711, 3403645486, 242980410, 383085116, 708893776794755072, 465377860, 59693131, 2710813772, 1013374544, 18254417, 249893457, 17203795, 145087572, 4804089938, 706340748317343745, 19134557, 286408288, 707332520656809989, 16323682, 707447989921570816, 17452651, 514038892, 4884436077, 1164224114, 3072748658, 30528628, 901537399, 3193944696, 2512824441, 17112700, 4907645052, 47899263, 352431233, 3035660929, 414948997, 1644805254, 304132230, 219947655, 3182189198, 299929232, 420879508, 3368690836, 35208860, 3467193499, 189806241, 4183971489, 24088739, 47785124, 595207333, 20523175, 16849063, 3177941678, 2177428656, 394260665, 2981133503, 3594364096, 1135261376, 1146946760, 32347848, 3313700041, 58525387, 585032395, 4907495117, 224864463, 3697993936, 298508497, 802584787, 2329733839, 469483224, 4270034653, 842868962, 3354099425, 2943386337, 1323165422, 4261397233, 2287108850, 3234605299, 3226781938, 334293750, 580408564, 4820846326, 117455101, 1306313984, 604195584, 14297863, 66739464, 1229007625, 2822802185, 114115853, 833558286, 14605073, 576215318, 67746074, 3257591580, 607558430, 358410527, 3420340515, 17719592, 98737961, 635288874, 255299883, 138862380, 241776425, 4925201710, 2985270576, 3220025137, 914482993, 3311032628, 988425014, 526119734, 2651777845, 2231154998, 3296663354, 2347719997, 35336511, 707050439305342976, 24247106, 2307296066, 3305472835, 312475466, 695739791757963264, 4765217102, 18008403, 4421940561, 2868251478, 4784980309, 19171162, 245689692, 37131103, 4490534239, 1414627170, 96894306, 2163208544, 3324561251, 143115107, 3358658409, 3382135659, 550136179, 710636057130209281, 2679788407, 124896632, 2292076411, 3711496576, 989973378, 215026562, 344772996, 720896389, 16088456, 2565984139, 1009956750, 1512079760, 484983185, 38378898, 4893228947, 3308524436, 75318169, 3309704088, 1188002203, 204809629, 43414431, 2250899358, 3227476896, 3240278953, 201359275, 11332012, 545474475, 2229483438, 3883484594, 3366877630, 4470064574, 2838346176, 23676863, 31223236, 18353097, 3438469581, 18548184, 94076386, 197621220, 707311380936806400, 317907435, 8287732, 177357302, 3900616693, 17027579, -1]|
abioluboode,20,60.0,0.375,6795,3,4851312853,|[3784601953, 3217694460, -1]|
_cosmokeysha,123,60.0,0.75,200,0,3306256278,[-1]
alp3661,0,60.0,0.0,816,78,37683113,|[14297863, 17431441, 3368690836, 576215318, 3309704088, 3467193499, 189806241, 4183971489, 15995432, 11332012, 66590126, 2985270576, 2651777845, 76936250, 97300546, 708893776794755072, 31223236, 3000529355, 2710813772, 4765217102, 3697993936, 1013374544, 4804089938, 16829397, 4784980309, 3226586716, 23341160, 317907435, 3382135659, 2396554608, 177357302, 901537399, -1, 4907645052]|
moran1998_moran,30,60.0,0.0,1134,0,2704926517,[-1]
ktnicoll87,197,60.0,0.25,5194,0,62743904,[-1]
keyserlynnv,0,60.0,0.0,6593,0,4880284084,[-1]
sanders4all,13,60.0,0.0,1843,245,4470064574,|[166534146, 2443083780, 112971281, 1652838942, 15995432, 3344033836, 24566830, 276209711, 23879728, 3403645486, 76936250, 4665743419, 59693131, 93727830, 286408288, 707332520656809989, 2818206308, 4847691876, 707447989921570816, 23341160, 17452651, 3807124593, 2512824441, 17112700, 4907645052, 47899263, 352431233, 3182189198, 420879508, 189806241, 4183971489, 701249070774489089, 20523175, 3177941678, 281781436, 80350908, 2981133503, 3594364096, 224864463, 4907495117, 298508497, 802584787, 3885245652, 469483224, 4270034653, 3463679714, 1323165422, 1544325361, 2365960436, 604195584, 2376137988, 703606634262581252, 576215318, 1350480668, 3257591580, 358410527, 3420340515, 4925201710, 988425014, 3296663354, 130517826, 3305472835, 4765217102, 4421940561, 4784980309, 4916544857, 4845420380, 4860478813, 2163208544, 2318139746, 3382135659, 550136179, 710636057130209281, 124896632, 2679788407, 3711496576, 703267155740127233, 344772996, 16088456, 1853154188, 38378898, 75318169, 3309704088, 701250710013345792, 204809629, 43414431, 2250899358, 4870092732, 3366877630, 2838346176, 885633499, 47680487, 14421994, 8287732, 705146476788224001, 17027579, -1]|
ktnicoll87,171,60.0,0.0,3432,0,62743904,[-1]
foreverrpaola,126,60.0,0.0,405,1,582272252,|[1682456251, -1]|
MamaBear64,15,60.0,0.25,541,164,17302067,|[3035660929, 40788228, 2443083780, 720896389, 975136262, 14297863, 1229007625, 1009956750, 299929232, 853801490, 3257591580, 3420340515, 17719592, 252283563, 615599662, 1448244912, 2985270576, 3220025137, 3230944180, 3839311094, 3296663354, 2347719997, 1887263564, 2561473995, 1130275662, 4527097936, 93727830, 4845420380, 3381197279, 4490534239, 2231994344, 3382135659, 70374894, 1323165422, 8287732, 177357302, 901537399, 2512824441, -1]|
RenRandall,171,60.0,0.0,73,0,192912919,[-1]
ideasloop,0,60.0,1.75,1134,0,421105572,[-1]
rafie281,20,60.0,-0.5,5194,210,27518994,|[3711496576, 4550840832, 124896632, 720896389, 2376137988, 125547397, 18819079, 3909497352, 135765769, 435215755, 19970954, 3182189198, 112971281, 484983185, 3906077714, 3308524436, 576215318, 75318169, 334330779, 3257591580, 607558430, 2250899358, 4183971489, 701249070774489089, 3420340515, 20523175, 15995432, 3240278953, 11332012, 3171738157, 3403645486, 23879728, 2985270576, 3220025137, 15964210, 1448244912, 3193944696, 988425014, 16559543, 242980410, 3839311094, 3296663354, 4665743419, 80350908, 35336511, 2838346176, 97300546, 130517826, 3365171523, 588843333, 708893776794755072, 3440881344, 1146946760, 31223236, 2561473995, 3000529355, 3438469581, 1013374544, 3697993936, 18254417, 4527097936, 298508497, 4421940561, 17203795, 4784980309, 4916544857, 19134557, 4860478813, 286408288, 2728190695, 1323165422, 391720047, 3417650165, 901537399, 2679788407, 710636057130209281, 2512824441, -1, 4907645052]|
TwistedFog,36,60.0,-0.375,46,7,3041056268,|[59767969, 215996801, -1, 197621220, 3273654205]|
bayarea_bias,46,60.0,0.375,122,104,788545194,|[1306313984, 604195584, 166534146, 3711496576, 720896389, 17054728, 435215755, 576215318, 75318169, 3257591580, 2250899358, 702346657506193409, 4183971489, 701249070774489089, 15995432, 635288874, 4608693673, 11332012, 161921581, 3403645486, 1448244912, 2985270576, 254793266, 4705974577, 80350908, 579221693, 708893776794755072, 312475466, 705146476788224001, 1013374544, 298508497, 22250337, 709960657354018816, 317907435, 550136179, 8287732, 3417650165, 710636057130209281, -1, 3193944696, 4907645052, 47899263]|
WaAmaLionTruth,0,60.0,0,23,0,788545194,[-1]
JessKerr16,189,60.0,-0.75,295,2,4776280032,|[1013374544, 4183971489, -1]|
IanMolony,75,60.0,0.0,23,738,2443083780,|[166534146, 17054728, 2399398411, 217513485, 2788209677, 112971281, 853801490, 10487832, 4884090904, 17756195, 15995432, 3344033836, 24566830, 615599662, 378024494, 23879728, 276209711, 17302067, 315731502, 15964210, 3403645486, 1510787130, 76936250, 242980410, 4665743419, 705240096849530880, 180508746, 59693131, 2710813772, 1013374544, 18254417, 874700370, 249893457, 145087572, 441338964, 93727830, 4804089938, 93765208, 375725650, 17203795, 21615707, 58746974, 138875488, 286408288, 16323682, 707332520656809989, 2818206308, 4847691876, 707447989921570816, 3007401576, 17452651, 514038892, 391720047, 1164224114, 901537399, 3193944696, 2512824441, 17112700, 710777363370352640, 47899263, 3035660929, 2682092162, 1644805254, 3150275718, 219947655, 3182189198, 473730704, 3368690836, 2706594966, 3467193499, 189806241, 4183971489, 24088739, 701249070774489089, 3382413989, 20523175, 38008488, 3177941678, 2177428656, 4856467638, 394260665, 281781436, 17904317, 37132478, 579221693, 20863676, 3594364096, 80350908, 3440881344, 324636866, 1135261376, 37413577, 4907495117, 2329733839, 3697993936, 802584787, 2750105810, 3885245652, 43561687, 708731366897127425, 4270034653, 703016119112568832, 706315757265641472, 3463679714, 1323165422, 2287108850, 316809461, 2365960436, 3839311094, 1611828986, 166001916, 254818045, 703694587605307392, 1306313984, 604195584, 42300159, 40788228, 703606634262581252, 4674511622, 135765769, 1229007625, 1853262091, 152795399, 66739464, 14297863, 14757644, 576215318, 132337948, 55816989, 1682190110, 358410527, 3257591580, 1350480668, 3420340515, 59908391, 83717415, 241776425, 635288874, 268323119, 4925201710, 914482993, 3220025137, 4222254388, 988425014, 2651777845, 3296663354, 705590278107729920, 2347719997, 14782782, 1092600128, 130517826, 3305472835, 2839456584, 312475466, 2557120332, 284383568, 4765217102, 18008403, 4421940561, 4498870097, 3402676565, 2182648662, 4784980309, 19171162, 367750490, 4916544857, 4845420380, 37131103, 4860478813, 4490534239, 96894306, 710962570488881154, 709162675452903424, 2318139746, 536605175, 3382135659, 388479343, 2396554608, 550136179, 3180726133, 710636057130209281, 2679788407, 124896632, 3816647542, 3769260919, 257803133, 1344797053, 1240234368, 3711496576, 720896389, 1529809286, 16088456, 2391870344, 3263253388, 1512079760, 17431441, 484983185, 4851725715, 31450005, 3308524436, 75318169, 3309704088, 1188002203, 701250710013345792, 204809629, 3976021402, 43414431, 2250899358, 3227476896, 1108993952, 4797427108, 2281349545, 201359275, 11332012, 66590126, 708743923531784192, 2229483438, 2385287599, 3883484594, 3230944180, 517295547, 709499317661343744, 4870092732, 3366877630, 4470064574, 2838346176, 18353097, 2561473995, 40601552, 394176982, 18548184, 1392851928, 885633499, 94076386, 47680487, 34349031, 2231994344, 707311380936806400, 317907435, 4848722925, 702361404179873792, 8287732, 3417650165, 177357302, 1026764281, 17027579, -1]|
baroqueartisan,24,60.0,0.125,232,0,145087572,[-1]
jennycatotally,126,60.0,0.0,16,0,3006686977,[-1]
ladyjulbug,0,60.0,-0.125,2142,205,1026764281,|[4550840832, 166534146, 2443083780, 14297863, 16088456, 4668331400, 484983185, 853801490, 3906077714, 3308524436, 576215318, 22718873, 3309704088, 1188002203, 1350480668, 3257591580, 132348576, 4183971489, 701249070774489089, 201359275, 66590126, 4581309612, 3177941678, 3220025137, 3230944180, 526119734, 2651777845, 394260665, 3839311094, 2347719997, 3366877630, 35336511, 3594364096, 97300546, 1135261376, 708893776794755072, 1146946760, 585032395, 40601552, 18254417, 1013374544, 4421940561, 4804089938, 2868251478, 17927511, 4784980309, 19134557, 4845420380, 138875488, 3178630752, 94076386, 3463679714, 383385447, 23341160, 707311380936806400, 95963751, 3382135659, 1323165422, 2365960436, 710636057130209281, 901537399, -1]|
cruise_peter,6,60.0,0.0,83,0,2908423338,[-1]
indigoace40,47,60.0,0.25,118,0,2806316010,[-1]
davidlmoffett,71,60.0,0.0,2142,7,917605332,|[138875488, 550136179, -1]|
keyserlynnv,0,60.0,0.0,1105,0,4880284084,[-1]
baroqueartisan,17,120.0,0.0,140,0,145087572,[-1]
richyfeIix,7,120.0,0.0,473,0,145087572,[-1]
NMwomen4Bernie,11,120.0,0.25,79,0,3234605299,[-1]
greenmitera,1,120.0,0.0,76,113,114115853,|[3141672447, 86164231, 16088456, 21281289, 1229007625, 66739464, 2680015243, 299929232, 10487832, 75318169, 3257591580, 607558430, 33995295, 2250899358, 189806241, 172032031, 358410527, 201359275, 24566830, 16020526, 3403645486, 17589041, 2985270576, 31223236, 192034761, 59693131, 802584787, 4804089938, 5944152, 18548184, 4270034653, 37131103, 2863981279, 702776040, 3382135659, 1323165422, 16474992, 3226781938, 3234605299, 8287732, 901537399, 3193944696, -1]|
RealHClinton,0,120.0,0.0,2643,0,4850990954,[-1]
angel_berina,64,120.0,0.25,558,0,3109004874,[-1]
_brianna09,5,120.0,0.0,232,0,3241078070,[-1]
maimmee,0,120.0,0.5,1736,2,275205040,|[2985270576, -1, 901537399]|
VictorB836,45,120.0,0.5,15,0,344477327,[-1]
marthaflores_,64,120.0,0.25,626,0,722543574,[-1]
drwhovian51,0,120.0,0.0,59,0,2419764210,[-1]
Wild_Card09,3,120.0,0.375,271,627,2347719997,|[3300942849, 166534146, 2443083780, 62117895, 18819079, 17054728, 2788209677, 3906077714, 331212308, 1472542232, 204584481, 1170545190, 17129511, 15995432, 24566830, 615599662, 3171738157, 23879728, 276209711, 17302067, 3403645486, 2375562804, 76936250, 708893776794755072, 59693131, 1013374544, 18254417, 812165202, 249893457, 145087572, 4804089938, 93727830, 17203795, 4793981017, 3226586716, 138875488, 286408288, 16323682, 707332520656809989, 707447989921570816, 3648946277, 23341160, 340534889, 17452651, 514038892, 1164224114, 901537399, 259121785, 2512824441, 3193944696, 17112700, 158846588, 4907645052, 47899263, 2682092162, 1644805254, 4365927557, 219947655, 3182189198, 473730704, 299929232, 3368690836, 3467193499, 189806241, 4183971489, 20523175, 4581309612, 2177428656, 4856467638, 394260665, 579221693, 3594364096, 3440881344, 1146946760, 3313700041, 58525387, 4907495117, 95443152, 3697993936, 298508497, 802584787, 43561687, 708731366897127425, 4270034653, 2943386337, 3896318180, 1323165422, 2287108850, 3234605299, 2365960436, 3226781938, 3839311094, 1306313984, 604195584, 40788228, 17266436, 14297863, 3161243399, 135765769, 1229007625, 1853262091, 66739464, 118159121, 2891477268, 576215318, 3676418836, 67746074, 132337948, 55816989, 607558430, 358410527, 3257591580, 3420340515, 1866469158, 17719592, 98737961, 635288874, 885681968, 2985270576, 3220025137, 988425014, 2651777845, 4200373047, 3296663354, 35336511, 130517826, 2307296066, 3365171523, 3305472835, 2839456584, 1130275662, 4765217102, 18008403, 4421940561, 4784980309, 4916544857, 37131103, 4860478813, 4490534239, 96894306, 2163208544, 3382135659, 550136179, 710636057130209281, 3816647542, 2679788407, 766008188, 257803133, 1344797053, 485923710, 3711496576, 989973378, 344772996, 720896389, 575779204, 16088456, 2391870344, 19970954, 2565984139, 1009956750, 1512079760, 17431441, 3308524436, 75318169, 3309704088, 334330779, 1188002203, 204809629, 2567066010, 43414431, 2250899358, 3976021402, 483473315, 3240278953, 11332012, 66590126, 2385287599, 3883484594, 4880284084, 821842872, 4870092732, 3366877630, 23676863, 2838346176, 31223236, 18353097, 2561473995, 40601552, 18548184, 1392851928, 885633499, 94076386, 54446563, 222039522, 47680487, 707311380936806400, 1265250283, 8287732, 177357302, 1026764281, -1]|
_brianna09,2,120.0,0.125,44561,0,3241078070,[-1]
filthypinhead,7,120.0,0.0,175,6,811374666,|[1730449195, 926677328, 455428468, 3241078070, 568718716, -1]|
ReasonBrigade,13,120.0,0.25,286,96,87222866,|[1306313984, 604195584, 152795399, 2391870344, 576215318, 3257591580, 2250899358, 3382413989, 83717415, 3198007208, 635288874, 138862380, 11332012, 3171738157, 3220025137, 4222254388, 708893776794755072, 4765217102, 4845420380, 706315757265641472, 286408288, 47680487, 95963751, 3382135659, -1, 536605175, 17112700, 4907645052, 47899263]|
jamescipriano,356,120.0,1.75,662,0,59767969,[-1]
RealHClinton,0,120.0,0.0,321,0,4850990954,[-1]
swermpls,13,120.0,0.625,261,0,55465743,[-1]
keyserlynnv,0,120.0,0.0,317,0,4880284084,[-1]
Astro_journey,0,120.0,0.125,2134,0,4365927557,[-1]
miriam0329,8,120.0,0.125,147,1,432332935,|[2985270576, -1]|
BernieEventsOC,160,120.0,0.125,435,0,386033391,[-1]
thegarz,0,120.0,0.0,7717,25,21791206,|[3420340515, 23341160, 1146946760, 298508497, 4527097936, 145087572, 3193944696, -1]|
Sanders_4_POTUS,0,120.0,-0.125,6271,219,701250710013345792,|[604195584, 3711496576, 166534146, 3403470851, 125547397, 703606634262581252, 3150275718, 2391870344, 2399398411, 1853154188, 2788209677, 3263253388, 2565984139, 38378898, 853801490, 2706594966, 75318169, 3309704088, 3976021402, 132337948, 3257591580, 1350480668, 43414431, 2250899358, 358410527, 4183971489, 17756195, 15995432, 241776425, 161921581, 66590126, 3177941678, 23879728, 2985270576, 3220025137, 3403645486, 914482993, 2651777845, 4856467638, 394260665, 19131322, 4907645052, 281781436, 4665743419, 1135261376, 3594364096, 130517826, 2838346176, 3305472835, 180508746, 312475466, 349987535, 2329733839, 3697993936, 298508497, 17258834, 145087572, 4765217102, 2304319056, 43561687, 4845420380, 703016119112568832, 158846588, 707332520656809989, 70351584, 707447989921570816, 4887323243, 886886510, 550136179, 710636057130209281, -1, 124896632, 3193944696, 17112700, 485923710]|
indiecitizn,20,120.0,-0.5,104,0,3909497352,[-1]
RemyKyd,24,120.0,0.0,3097,0,2831716679,[-1]
gigglebits11,31,120.0,0.125,1799,6,4729675550,|[22718873, 2512824441, 708893776794755072, -1, 3403645486]|
zoeshelby1900,14,120.0,-0.375,63,0,264622276,[-1]
RealHClinton,0,120.0,0.0,305,0,4850990954,[-1]
gypsy_bby,7,120.0,0.0,17,5,926677328,|[347355845, 1677339655, 811374666, 1730449195, 455428468, -1]|
BernieEventsOC,68,120.0,1.125,78871,0,386033391,[-1]
espinosa_geri,7,120.0,0.0,1424,4,568718716,|[3325633040, 811374666, 1730449195, 455428468, -1]|
stewalaniz,0,120.0,0.0,1193,1,607531241,|[1308749244, -1]|
nospig,1276,120.0,0.5,3644,0,79347253,[-1]
zoe_blueeyesbae,10,120.0,-0.25,1756,0,2229587216,[-1]
swermpls,110,120.0,0.125,146,0,55465743,[-1]
Celtic_Barb,0,120.0,1.25,454,197,43561687,|[166534146, 3403470851, 3150275718, 16088456, 2391870344, 14297863, 2788209677, 1009956750, 299929232, 853801490, 576215318, 75318169, 1188002203, 33995295, 172032031, 358410527, 635288874, 2908423338, 11332012, 2651368746, 201359275, 23879728, 914482993, 3220025137, 2385287599, 24190388, 3230944180, 2651777845, 394260665, 3296663354, 2347719997, 5645502, 4870092732, 3594364096, 130517826, 100600895, 3365171523, 708893776794755072, 3313700041, 2329733839, 298508497, 4527097936, 18008403, 4804089938, 1013374544, 96894306, 94076386, 23341160, 3382135659, 1323165422, 901537399, 124896632, 3193944696, -1, 42300159]|
RemyKyd,23,180.0,0.0,3872,0,2831716679,[-1]
wallstsuperstar,7,180.0,-0.375,146,0,169017119,[-1]
baroqueartisan,17,180.0,0.25,212,0,145087572,[-1]
gkielec,28,180.0,0.125,627,31,227827584,|[2863981279, 18654401, 32745985, 358410527, 720896389, 90783594, 16020526, 324086895, 2985270576, 3188213971, 361505046, 2987102202, -1, 4860478813]|
evehnyc_eve,1,180.0,0.125,180,0,2614714148,[-1]
cruise_peter,45,180.0,0.5,2688,0,2908423338,[-1]
indiecitizn,30,180.0,0.125,1259,0,3909497352,[-1]
sophia_mahmud,437,180.0,0.0,109,7,3251967993,|[1146946760, 2838346176, 367750490, -1, 3711496576]|
kuriuskat,245,180.0,-0.125,862,138,441338964,|[1306313984, 166534146, 2443083780, 2343966982, 17054728, 135765769, 14297863, 217513485, 3182189198, 299929232, 4893770894, 3309704088, 132337948, 3257591580, 17129511, 17719592, 66590126, 3171738157, 3403645486, 2985270576, 3220025137, 3373085235, 3230944180, 988425014, 4200373047, 579221693, 4870092732, 164798144, 212023751, 312475466, 4765217102, 1013374544, 4421940561, 145087572, 2916844244, 4804089938, 4784980309, 731018712, 708731366897127425, 4916544857, 19134557, 286408288, 16323682, 709162675452903424, 710802336344580096, 1323165422, 702361404179873792, 8287732, 901537399, 4820846326, -1]|
redrabbitsnpow2,2,180.0,-0.5,1218,284,3906077714,|[1306313984, 166534146, 40788228, 720896389, 124896632, 975136262, 4674511622, 219947655, 4531734792, 1853262091, 286348171, 14297863, 1529809286, 299929232, 17431441, 112971281, 576215318, 4884090904, 3976021402, 132337948, 3257591580, 49430686, 4183971489, 17719592, 15995432, 38008488, 276209711, 3403645486, 2177428656, 3220025137, 3193944696, 3230944180, 988425014, 4200373047, 281781436, 80350908, 2347719997, 308821054, 4870092732, 3594364096, 2838346176, 3440881344, 708893776794755072, 31223236, 250821190, 585032395, 59693131, 284383568, 298508497, 4765217102, 4421940561, 559929936, 1013374544, 4784980309, 19171162, 2586324829, 4860478813, 4490534239, 94076386, 27127139, 143115107, 47680487, 2231994344, 4005092840, 2185661418, 3382135659, 514038892, 1323165422, 886886510, 550136179, 177357302, 901537399, 2679788407, 1026764281, 2512824441, -1, 42300159]|
RadioFreeBernie,0,180.0,0.5,454,305,132337948,|[604195584, 166534146, 40788228, 1853262091, 1853154188, 3263253388, 217513485, 3182189198, 299929232, 1512079760, 853801490, 3906077714, 420879508, 576215318, 3309704088, 1188002203, 3976021402, 43414431, 2250899358, 189806241, 4183971489, 24088739, 3420340515, 595207333, 17756195, 324489515, 11332012, 708743923531784192, 23879728, 2177428656, 2985270576, 15964210, 24190388, 3230944180, 526119734, 2651777845, 40482997, 914482993, 242980410, 579221693, 2347719997, 308821054, 3366877630, 707050439305342976, 97300546, 3594364096, 708893776794755072, 37413577, 585032395, 59693131, 2710813772, 3438469581, 1013374544, 4527097936, 485923710, 441338964, 16829397, 93727830, 4804089938, 18548184, 4784980309, 19171162, 238272731, 21615707, 4845420380, 703016119112568832, 3178630752, 47680487, 136151527, 710802336344580096, 886886510, 550136179, 710636057130209281, -1, 1431738110]|
TheresaSchroe14,17,180.0,0.25,135,739,802584787,|[3052123136, 4550840832, 3300942849, 4766257664, 2443083780, 166534146, 62117895, 18819079, 17054728, 217513485, 2788209677, 853801490, 3906077714, 3305640470, 1472542232, 4884090904, 15995432, 161921581, 24566830, 615599662, 3171738157, 23879728, 3344033836, 15964210, 3403645486, 1510787130, 76936250, 242980410, 4665743419, 705240096849530880, 708893776794755072, 180508746, 59693131, 2710813772, 1629924943, 1013374544, 18254417, 17203795, 145087572, 4804089938, 93727830, 21615707, 19134557, 58746974, 3226586716, 286408288, 707332520656809989, 16323682, 912572004, 2818206308, 707447989921570816, 340534889, 17452651, 514038892, 391720047, 3807124593, 1164224114, 901537399, 17027579, 3193944696, 2512824441, 17112700, 4907645052, 3035660929, 3150275718, 219947655, 29422732, 3182189198, 299929232, 3368690836, 2706594966, 3467193499, 189806241, 4183971489, 701249070774489089, 47785124, 20523175, 3177941678, 1448244912, 2177428656, 40482997, 4856467638, 394260665, 281781436, 17904317, 5645502, 80350908, 1135261376, 3594364096, 3440881344, 1146946760, 37413577, 117260490, 1565939916, 4907495117, 2329733839, 3697993936, 298508497, 2750105810, 469483224, 238272731, 4270034653, 703016119112568832, 702776040, 2728190695, 1323165422, 2287108850, 316809461, 2365960436, 3839311094, 254818045, 703694587605307392, 1306313984, 604195584, 17433344, 40788228, 2376137988, 703606634262581252, 152795399, 1229007625, 14297863, 1853262091, 114115853, 833558286, 709860686399021056, 576215318, 16866585, 67746074, 132337948, 3257591580, 607558430, 1682190110, 358410527, 1350480668, 3420340515, 83717415, 241776425, 635288874, 255299883, 4925201710, 2985270576, 3220025137, 914482993, 3311032628, 988425014, 2651777845, 3296663354, 2347719997, 1092600128, 707050439305342976, 130517826, 3305472835, 312475466, 705146476788224001, 1130275662, 4765217102, 18008403, 4421940561, 4784980309, 19171162, 4916544857, 4845420380, 37131103, 4860478813, 4490534239, 2163208544, 709162675452903424, 3382135659, 388479343, 550136179, 710636057130209281, 2679788407, 124896632, 3711496576, 703267155740127233, 344772996, 720896389, 1529809286, 16088456, 2391870344, 19970954, 1853154188, 1863537037, 1009956750, 2565984139, 1512079760, 17431441, 484983185, 53545365, 75318169, 3309704088, 1188002203, 3976021402, 204809629, 276014492, 43414431, 2250899358, 3227476896, 21237658, 4797427108, 3198007208, 3240278953, 201359275, 11332012, 66590126, 708743923531784192, 2229483438, 2385287599, 3883484594, 24190388, 3230944180, 16559543, 4870092732, 3366877630, 4470064574, 2838346176, 23676863, 31223236, 3000529355, 40601552, 16829397, 18548184, 94076386, 54446563, 47680487, 707311380936806400, 136151527, 2185661418, 317907435, 702361404179873792, 8287732, 177357302, 536605175, -1, 1026764281, 2987102202, 15326206]|
61_alvin,31,180.0,-0.25,146,109,2987102202,|[227827584, 3300942849, 166534146, 3035660929, 14297863, 468732172, 3182189198, 299929232, 361505046, 2305441177, 43414431, 2863811231, 2392197152, 4183971489, 17305123, 20523175, 15995432, 1375717166, 16020526, 23879728, 3883484594, 955067324, 1362949182, 18654401, 3440881344, 2307296066, 802584787, 3188213971, 4270034653, 143115107, 90783594, 886886510, 16474992, 2733971311, 1164224114, 2287108850, -1, 3839311094, 124896632, 4907645052]|
ktnicoll87,22,180.0,0.125,24,0,62743904,[-1]
PParzival,47,180.0,0.25,385,73,541131956,|[166534146, 14297863, 2788209677, 853801490, 132337948, 2250899358, 1170545190, 3198007208, 484660909, 3403645486, 1448244912, 2985270576, 3220025137, 76936250, 579221693, 4870092732, 3594364096, 708893776794755072, 1013374544, 3226586716, 94076386, 707447989921570816, 387543532, -1, 17112700, 4907645052]|
ro69126128,33,180.0,-0.5,2200,3,4658216554,|[1323165422, -1, 3171738157]|
lr4kids,2,180.0,0.375,518,24,4845054264,|[706315757265641472, 708893776794755072, 1146946760, 59693131, 11332012, 1323165422, 3697993936, 3220025137, 24190388, 576215318, 56190070, 25744313, -1]|
Hersch_McGersch,1,180.0,0.375,1946,0,708475831912366080,[-1]
BrStormer,14,180.0,0.0,3894,17,202849133,|[604195584, 15995432, 2788209677, 249893457, 802584787, 576215318, -1, 630743387, 19134557, 1682190110]|
UberPSDavid,52,180.0,0.5,2285,299,3240278953,|[166534146, 975136262, 27518994, 853801490, 33995295, 24566830, 3171738157, 16020526, 3403645486, 3373085235, 708893776794755072, 4804089938, 93727830, 707332520656809989, 16323682, 901537399, 3193944696, 4907645052, 1644805254, 219947655, 299929232, 22822556, 189806241, 4183971489, 2310662821, 1448244912, 2177428656, 164798144, 3440881344, 37413577, 3313700041, 58525387, 585032395, 224864463, 802584787, 331096788, 4579134683, 4270034653, 3839311094, 355458302, 604195584, 40788228, 14297863, 66739464, 1229007625, 833558286, 576215318, 3257591580, 607558430, 702346657506193409, 59908391, 242937641, 635288874, 255299883, 324489515, 2985270576, 3220025137, 3311032628, 988425014, 526119734, 2651777845, 3296663354, 2347719997, 1130275662, 18008403, 4421940561, 4336734554, 37131103, 4860478813, 3382135659, 550136179, 2292076411, 3711496576, 720896389, 2391870344, 435215755, 1009956750, 3308524436, 75318169, 1188002203, 43414431, 545474475, 3230944180, 31223236, 212023751, 40601552, 3437373911, 2231994344, 125232619, -1, 15326206]|
markland2018,0,180.0,0.0,454,277,708731366897127425,|[1306313984, 4550840832, 166534146, 2443083780, 720896389, 62117895, 710229554179084288, 125547397, 66739464, 14297863, 1853154188, 1529809286, 833558286, 3182189198, 299929232, 1009956750, 853801490, 420879508, 2891477268, 576215318, 4884090904, 43414431, 189806241, 47785124, 83717415, 4900603814, 98737961, 17176190, 161921581, 3171738157, 378024494, 708743923531784192, 23879728, 2985270576, 18073907, 702330192451268608, 2375562804, 2651777845, 2229483438, 3230944180, 914482993, 4907645052, 3296663354, 202638779, 17904317, 2347719997, 3366877630, 3594364096, 2838346176, 2831716679, 59693131, 1013374544, 18008403, 441338964, 4804089938, 93727830, 4784980309, 18548184, 1392851928, 3529361115, 4579134683, 2385731677, 4860478813, 171638751, 4490534239, 96894306, 2318139746, 2163208544, 3896318180, 4847691876, 1265250283, 3382135659, 1323165422, 4884436077, 2287108850, -1, 3193944696, 2292076411, 427865214]|
MyTraceElements,0,180.0,0.0,1841,242,2231994344,|[3300942849, 166534146, 2443083780, 975136262, 62117895, 17054728, 3906077714, 4884090904, 15995432, 161921581, 378024494, 3403645486, 15964210, 17302067, 242980410, 708893776794755072, 59693131, 1013374544, 17203795, 4804089938, 93291094, 93727830, 706340748317343745, 4793981017, 2385731677, 286408288, 707332520656809989, 16323682, 707447989921570816, 901537399, 21352055, 3193944696, 17112700, 4907645052, 352431233, 219947655, 299929232, 3467193499, 4183971489, 701249070774489089, 3382413989, 2896747176, 252283563, 394260665, 3440881344, 1146946760, 1565939916, 224864463, 3697993936, 298508497, 4270034653, 706315757265641472, 1323165422, 604195584, 14297863, 1853262091, 576215318, 3257591580, 3420340515, 635288874, 2985270576, 3220025137, 4705974577, 914482993, 988425014, 2651777845, 3296663354, 65491774, 3305472835, 284383568, 4765217102, 4421940561, 4784980309, 19171162, 4916544857, 4845420380, 37131103, 4860478813, 4490534239, 96894306, 550136179, 124896632, 257803133, 720896389, 16088456, 19970954, 75318169, 3309704088, 334330779, 3976021402, 2250899358, 483473315, 3240278953, 2856421803, 11332012, 3366877630, 23676863, 18353097, 885633499, 94076386, 47680487, 702361404179873792, 8287732, 177357302, -1]|
NMwomen4Bernie,22,180.0,0.0,337,0,3234605299,[-1]
zoe_blueeyesbae,22,180.0,0.0,316,0,2229587216,[-1]
SandersSnaps,0,180.0,0.0,2023,124,4261397233,|[3711496576, 3909497352, 1853154188, 710315331584184321, 117549200, 3368690836, 3308524436, 75318169, 211955738, 607558430, 43414431, 358410527, 701249070774489089, 24088739, 17719592, 2896747176, 24566830, 268323119, 23879728, 914482993, 195626802, 15964210, 988425014, 4470064574, 2838346176, 465377860, 3438469581, 3697993936, 802584787, 145087572, 4421940561, 2984780627, 4784980309, 3226586716, 4845420380, 4270034653, 3324561251, 2818206308, 3382135659, 3182146801, 550136179, 124896632, 3193944696, -1]|
D33PAK_BHASKAR,67,180.0,0.125,1875,0,867304158,[-1]
Commander998381,0,180.0,0.0,173,213,4834187151,|[1306313984, 604195584, 4550840832, 3300942849, 975136262, 3150275718, 2391870344, 704517600198307840, 1853154188, 2788209677, 29422732, 217513485, 576215318, 75318169, 3257591580, 4183971489, 3420340515, 17719592, 242937641, 255299883, 201359275, 24566830, 3171738157, 23879728, 2985270576, 3220025137, 4925201710, 1448244912, 3403645486, 988425014, 25744313, 76936250, 3296663354, 281781436, 4665743419, 80350908, 100600895, 6632512, 2838346176, 130517826, 3440881344, 32347848, 4765217102, 3697993936, 18254417, 298508497, 17258834, 16829397, 2304319056, 4784980309, 1013374544, 3885245652, 21615707, 4270034653, 703016119112568832, 706315757265641472, 4860478813, 707447989921570816, 47680487, 95963751, 14421994, 3382135659, 2287108850, 702361404179873792, 2365960436, 710636057130209281, 550136179, 4820846326, 3193944696, 2512824441, -1, 44075260, 4907645052, 47899263]|
angimclarke,21,180.0,0.25,55,0,989973378,[-1]
PoliticalEditor,58,180.0,0.0,110,7,54621739,|[707332080171151360, 3711496576, 3861654793, -1, 729718663]|
ideasloop,0,180.0,0.25,6577,0,421105572,[-1]
jamescipriano,0,180.0,0.0,1431,0,59767969,[-1]
CommanderSardes,0,0.0,-1.625,3254,1,430328318,|[606412878, -1]|
mena24a,93,71.0,0.625,733,0,2467205994,[-1]
mena24a,1025,78.0,0.125,733,0,2467205994,[-1]
mlyjln,0,99.0,0.0,259,1,594820143,|[606412878, -1]|
SavageHenry715,1,183.0,-0.125,303,0,224849862,[-1]
SavageHenry715,1,186.0,-0.625,303,0,224849862,[-1]
godismikey,0,276.0,0.5,5667,3,165205775,|[46786678, -1, 606412878, 171735335]|
RealGlenMagro,0,327.0,0.0,63,1,3135634101,|[606412878, -1]|
JustMerelyn,1025,351.0,0.125,134,0,110274321,[-1]
imanbr,3,373.0,0.0,59468,2,44063991,|[-1, 291125758, 88876174]|
Riezkyanow,3,400.0,0.0,1094,2,291125758,|[144389101, -1, 85129919]|
RockandLedge,26,404.0,0.125,1199,7,2234455734,|[53503202, 76123016, 606412878, 46786678, 4892120662, 1626653240, -1]|
Carrie49444,0,453.0,0,9,1,4639535773,|[606412878, -1]|
LoveWins_Dating,1,456.0,0.0,1037,0,707143555622559745,[-1]
PattyHerkins,0,460.0,0,18,1,4786024134,|[606412878, -1]|
anggathehacker,3,461.0,0.0,760,3,85129919,|[-1, 144389101, 291125758, 606412878]|
shannen_kay,1025,489.0,0.125,75,0,3140809720,[-1]
shannen_kay,93,521.0,0.625,75,0,3140809720,[-1]
helloayessa,0,562.0,0.0,677,1,1701289142,|[606412878, -1]|
maulanadri25,3,625.0,0.0,686,3,144389101,|[606412878, -1, 291125758, 85129919]|
PurpleMinah_19,0,671.0,0.625,454,1,2414205756,|[606412878, -1]|
JustMerelyn,93,679.0,0.625,134,0,110274321,[-1]
yourartcrush,0,691.0,0.0,1358,1,3332682586,|[606412878, -1]|
JDCortez_14,0,775.0,0.125,692,1,256848520,|[606412878, -1]|
MEETtheBatman,0,791.0,0.0,199,0,3096462246,[-1]
jas21076,0,831.0,-0.25,79,1,25105889,|[606412878, -1]|
kylekage,0,870.0,-0.25,47,1,299427770,|[606412878, -1]|
voielactees,0,961.0,0.375,42,1,3106466873,|[606412878, -1]|
alxslzy,26,1061.0,0.125,5450,4,171735335,|[-1, 3266878170, 635094164, 606412878, 165205775]|
Allegratastic,1,1118.0,0.0,1719,1,28285298,|[606412878, -1]|
JAAYXVX,26,1174.0,0.125,266,2,3266878170,|[-1, 606412878, 171735335]|
lexyInc_,0,1178.0,0.375,253,1,236905620,|[606412878, -1]|
herschww,0,1209.0,0.375,29,1,298264005,|[606412878, -1]|
Mariajose1022,0,1218.0,0.0,97,1,273045271,|[606412878, -1]|
cutforgavin,26,1270.0,0.125,1307,2,635094164,|[-1, 606412878, 171735335]|
rxglenn,1,1281.0,0.0,2172,1,67045178,|[606412878, -1]|
lovmylife24,0,1362.0,0,38,1,117892426,|[606412878, -1]|
ck94117,0,1534.0,0.125,87,1,2775701004,|[606412878, -1]|
bostonCREAM_pie,0,1557.0,0.875,352,1,481601755,|[606412878, -1]|
gwenniepearl,12,1586.0,0.125,46,9,3120096562,|[-1, 56493922, 2384623166, 606412878]|
_revablitz,2,1678.0,0.0,251,3,977662458,|[1245113346, 1188303276, 606412878, -1]|
KenzieK101,2,1697.0,0.0,434,3,1245113346,|[977662458, 1188303276, 606412878, -1]|
AyeeitsRachael_,2,1700.0,0.0,554,3,1188303276,|[977662458, 1245113346, 606412878, -1]|
robertocarelli,0,1733.0,0.0,58,1,72457039,|[606412878, -1]|
mayleechai,0,1766.0,0.0,1096,1,33839296,|[606412878, -1]|
loveandmush,12,1777.0,0.125,196,9,56493922,|[3120096562, 636638763, 2384623166, -1]|
ElderBelanger,12,1868.0,0.125,531,9,636638763,|[-1, 56493922, 2384623166, 606412878]|
Hugs4Chris,5,1931.0,0.875,4178,3,384661558,|[-1, 2196693033, 606412878, 46786678]|
Kyounghayoo,1,1954.0,0.0,24600,4,513549904,|[578779146, 2922367381, 606412878, -1]|
LoveWins_Dating,1,1975.0,0.125,1037,0,707143555622559745,[-1]
Jenny_Lynne_M,0,2018.0,0.0,11,1,4711599566,|[606412878, -1]|
StMarksMpls,0,2021.0,0.0,30,1,3610189332,|[606412878, -1]|
Lil_Pres_Bruh,61,2038.0,0.0,701,4,382867532,|[606412878, -1, 2261618124, 717272846, 311139119]|
Itsjo____,61,2056.0,0.0,455,2,2261618124,|[382867532, 606412878, -1]|
YupItsJamil,61,2059.0,0.0,1219,2,311139119,|[382867532, 606412878, -1]|
Marc12394,0,2173.0,0.625,134,1,44677953,|[606412878, -1]|
_gabbylopez,61,2219.0,0.0,295,2,717272846,|[382867532, 606412878, -1]|
LeifHenning,1,2300.0,0.0,1225,2,141518863,|[67045178, 606412878, -1]|
PfsNation,1,2369.0,1.375,481,4,1517839669,|[-1, 53503202, 606412878, 46786678]|
sez_001,0,2423.0,0.0,44,0,3424151866,[-1]
LemanieGrace,0,2457.0,0.0,633,3,212768878,|[-1, 224849862, 606412878]|
5uhaila,0,2482.0,0.625,966,1,6596292,|[606412878, -1]|
FFCCOOLJC,1,2483.0,0.0,1709,0,2384623166,[-1]
FFCCOOLJC,2,2550.0,0.0,1709,0,2384623166,[-1]
GeneralMings,0,2592.0,0.5,1360,1,460812838,|[606412878, -1]|
StephenHerreid,1,2592.0,-0.125,921,2,2993377468,|[2312893002, 606412878, -1]|
AmandaPresto,1,2607.0,-0.125,1517,2,2312893002,|[2993377468, 606412878, -1]|
Mabel__pineslol,0,2736.0,0,2892,0,2944696197,[-1]
Pretty_Renishia,1831,2740.0,-1.25,273,0,708987766994931713,[-1]
Pretty_Renishia,5324,2759.0,0.625,273,0,708987766994931713,[-1]
iAmMissMichelle,61,2763.0,0.0,8342,5,224011051,|[3140809720, -1, 26156260, 606412878, 106614183]|
Pretty_Renishia,1736,2768.0,0.625,273,0,708987766994931713,[-1]
DirkMaravich,61,2771.0,0.0,2070,2,26156260,|[224011051, 606412878, -1]|
belley121,0,2776.0,0,295,1,1477696962,|[606412878, -1]|
emmstheword,0,2809.0,0.25,109,2,1626653240,|[-1, 2234455734, 46786678]|
ImALiveC,7,2815.0,0.875,271,0,4823651283,[-1]
JudyAnn_67,3,2816.0,1.625,2736,0,131342025,[-1]
Pretty_Renishia,1258,2820.0,0.125,273,0,708987766994931713,[-1]
CowgirlProse,1,2821.0,0.0,4607,4,3029130489,|[703114347871010816, -1, 216537133, 1413564534, 74305047]|
Pretty_Renishia,3753,2850.0,1.5,273,0,708987766994931713,[-1]
Pretty_Renishia,4500,2854.0,0.25,273,0,708987766994931713,[-1]
ErikaLordHodges,0,2905.0,1.25,11,1,2364845143,|[606412878, -1]|
PETERYanni,16,2987.0,-0.25,296,0,196214194,[-1]
MuenchLisa,1,2995.0,0.0,671,3,1413564534,|[-1, 3029130489, 606412878, 74305047]|
PETERYanni,61,2999.0,0.0,296,0,196214194,[-1]
PETERYanni,25,3006.0,0.0,296,0,196214194,[-1]
Hibiscus1108,6,3014.0,0.0,22,1,4704254592,|[606412878, -1]|
PETERYanni,84,3023.0,0.0,296,0,196214194,[-1]
JudyAnn_67,0,3048.0,0.0,2736,0,131342025,[-1]
_xowhitt,1,3055.0,0.125,788,2,1841346210,|[1289948466, 606412878, -1]|
debrawright1771,0,3124.0,-0.5,1147,0,2786314965,[-1]
PurrStylo,61,3150.0,0.0,1457,2,106614183,|[224011051, 606412878, -1]|
Tota_Vallejo,0,3227.0,0,379,0,695814910756913152,[-1]
beatmastawes,0,3228.0,1.375,210,1,31158400,|[606412878, -1]|
MaryOurStar,2,3243.0,0.75,210,1,4209281912,|[606412878, -1]|
Cerium_58,1,3346.0,-0.125,95,1,3236886620,|[606412878, -1]|
jonathanmiami,3,3357.0,1.125,104346,1,47054240,|[606412878, -1]|
Tota_Vallejo,1,3443.0,0.0,379,0,695814910756913152,[-1]
SheGoesByJenny,0,3474.0,0.25,168,1,497544032,|[606412878, -1]|
SconnieTrader,0,3531.0,0,958,0,49321890,[-1]
SomePeaceTalks,5,0.0,0.125,969,0,4017502011,[-1]
izbori_SAD2016,2151,0.0,0.5,2,0,710562627995492353,[-1]
9by4,0,0.0,0,1921,0,535554764,[-1]
SimplyROS888,318,0.0,0.125,46,0,591234235,[-1]
Heavyike32,2151,0.0,0.5,259,0,471553134,[-1]
deanbruscia_,2151,0.0,0.5,2320,0,2569907061,[-1]
seventh7hunter,204,60.0,0.0,73,0,2954349753,[-1]
CllrBSilvester,475,60.0,-0.125,6795,21,314548237,|[2884079135, 2812638431, 16557667, 4691189473, 1093277930, 23047147, 1455286956, 3312540300, 4822094443, 486882714, 4453680687, 2762251732, -1, 3390129334, 706979910200516610, 54153498, 829735580, 3822233052, 73048382]|
gracegreen_id,782,60.0,0.0,200,1,2392500331,|[3951302129, -1]|
LoneSomeCedar,475,60.0,-0.125,816,2,243864403,|[4691189473, -1]|
FreeStateYank,782,60.0,0.0,1134,0,73048382,[-1]
CIndyStarbuck,475,60.0,-0.125,5194,0,211068552,[-1]
Rep_Of_NoFear,719,60.0,0.0,6593,71,846009488,|[805241216, 201721986, 211068552, 877883018, 1216957579, 55464588, 3312540300, 4163792778, 2816395922, 18810387, 4282439188, 589511830, 709208411825508353, 2837876374, 2703114008, 54153498, 1861885849, 567626521, 829735580, 2884079135, 3589878313, 1455286956, 14372784, 162301746, 4521230002, 28473012, 3427078965, 1159024446, 909429824, 4345493055, 34701889, 130494788, 554117316, 260369607, 4661635529, 3291902538, 3752361681, 2239548626, 4784596178, 25268310, 1549810650, 3361161689, 3822233052, 223719518, 2812638431, 2219308640, 46303458, 4691189473, 1496571493, 519960552, 616546922, 23047147, 378735981, 2903166449, 3951302129, 310953974, 23114490, 3682896378, -1]|
hgarbow,9,60.0,1.875,1843,13,874740812,|[4345493055, 46303458, 4691189473, 34701889, 3291902538, 789738380, 162301746, 3590449521, 2903166449, 18810387, -1, 369029151]|
cut_the_crap_ec,782,60.0,0.0,3432,31,54153498,|[4786138371, 314548237, 846009488, 15589520, 18810387, 829735580, 3398030380, 554117316, 2860668355, 4784596178, 25268310, 4852473305, 4874929885, 2219308640, 169907554, 46303458, 4691189473, 2197230179, 272559329, 80892130, 1391370595, 519960552, 3590449521, 2903166449, 3951302129, -1]|
BigHootDogg,0,60.0,1.75,405,0,16319056,[-1]
JewelsJones1,0,60.0,-0.375,541,30,1455286956,|[3240523526, 877883018, 2895412363, 314548237, 846009488, 4241984015, 559656338, 4282439188, 709208411825508353, 2784100399, 162301746, 34701889, 302004290, 4784596178, 2764242773, 223719518, 2219308640, 169907554, 4691189473, 3624648676, 3590449521, 2903166449, 3682896378, -1]|
seventh7hunter,288,60.0,0.125,73,0,2954349753,[-1]
FreeStateYank,485,60.0,0.0,1134,0,73048382,[-1]
CIndyStarbuck,485,120.0,0.0,5194,0,211068552,[-1]
JulieEveretts,2312,3660.0,0.5,46,0,551335832,[-1]
martinbryne,2312,3660.0,0.5,122,0,39083057,[-1]
oilman999999999,1617,3660.0,0.125,23,0,4569118009,[-1]
88pianojll,2312,3660.0,0.5,295,13,2164244826,|[909429824, 2219308640, 46303458, 4691189473, 4345493055, 83701522, 4671191282, -1]|
oilman999999999,2312,3660.0,0.5,23,0,4569118009,[-1]
Salem_2520,2473,7200.0,0.5,232,0,1456255621,[-1]
Odedukw,31,7260.0,0.5,16,0,4868932791,[-1]
sharon8191962,5,7260.0,0.0,2142,0,789738380,[-1]
GentryLaura,2473,7260.0,0.5,83,0,378175619,[-1]
sadpixesl,2473,7260.0,0.5,118,0,3170643511,[-1]
sharon8191962,5,7260.0,-0.375,2142,0,789738380,[-1]
zaprunner,1711,7260.0,0.125,1105,2,206251932,|[18810387, 829735580, -1]|
sfhopper,18,7260.0,0.125,140,8,111944278,|[519960552, 2219308640, 4671191282, -1]|
daddy_epic_bae,510,7260.0,0.0,473,12,3372178235,|[2219308640, 1567913060, 3312540300, 2903166449, 25268310, 567626521, -1]|
charliebown305,1711,7260.0,0.125,79,8,3447024335,|[2219308640, 4671191282, -1, 2837876374]|
Thush264,2473,7260.0,0.5,76,0,574185238,[-1]
zakchezney,2473,7320.0,0.5,2643,70,3590449521,|[4703317886, 4786138371, 211068552, 1216957579, 4163792778, 314548237, 2895412363, 3380661135, 15589520, 83701522, 705587159504322560, 18810387, 589511830, 709208411825508353, 2837876374, 2703114008, 54153498, 829735580, 2884079135, 702956068620496896, 387151655, 1543924651, 1455286956, 344811563, 3398030380, 2784100399, 162301746, 65679924, 34701889, 554117316, 874740812, 3752361681, 25268310, 1549810650, 4852473305, 2581320411, 223719518, 13817822, 2812638431, 2219308640, 1902314210, 4691189473, 1567913060, 1496571493, 2197230179, 3819608294, 80892130, 1391370595, 4822094443, 2914529775, 2903166449, 3951302129, 3995662453, 3682896378, -1]|
Pcrawls,2670,10800.0,0.5,558,0,1120199214,[-1]
georgiegirl1216,55,10800.0,0.125,232,8,1512098724,|[4867975335, 1543924651, 378735981, 1706287950, 2903166449, 4282439188, 829735580, -1]|
DinoFancellu,2670,10800.0,0.5,1736,3,1549066418,|[2581320411, 3331438299, 314548237, -1]|
ESantorini,2670,10800.0,0.5,15,0,1918490978,[-1]
StagePlaywright,1789,10800.0,0.125,626,4,2822259777,|[2812638431, 201721986, -1, 4671191282, 2903166449]|
WyattAmazing,2393,10800.0,0.0,59,1,702743701785845760,|[2903166449, -1]|
twgforceone,0,10860.0,0.0,271,3,4784668818,|[829735580, 877883018, 4784596178, -1]|
ZnaTrainer,378,10860.0,-0.375,44561,26,13817822,|[3822233052, 4345493055, 4691189473, 554117316, 709208411825508353, 4867975335, 877883018, 2914529775, 704383743042015233, 3590449521, 2816395922, 2903166449, 4784596178, 589511830, 3390129334, 567626521, 829735580, 43757693, -1]|
Win_Freedom,563,10860.0,-0.125,175,2,2495159616,|[3590449521, -1, 2903166449]|
jhead77,592,10860.0,0.125,286,15,1413808069,|[2812638431, 2219308640, 1567913060, 2197230179, 4867975335, 4182512297, 2903166449, 4282439188, 2837876374, 703343282387095553, -1]|
BerkowitzAnne,2,10860.0,0.75,662,37,4852473305,|[314548237, 205644304, 704383743042015233, 4241984015, 4282439188, 4551477141, 54153498, 4835568794, 3398030380, 14372784, 4453680687, 3427078965, 3390129334, 302004290, 4784596178, 223719518, 4874929885, 2812638431, 2219308640, 4691189473, 1567913060, 2197230179, 16974310, 378735981, 4822094443, 3951302129, 23114490, -1]|
land_joe,2670,10860.0,0.5,321,0,463194055,[-1]
eikes17,1,10920.0,0.0,261,0,437566312,[-1]
RelativeAmerica,2670,10920.0,0.5,317,7,120533019,|[4861841438, 272559329, 387151655, 4282439188, 2703114008, 23114490, -1]|
asyoureadthis,2989,14400.0,0.5,2134,5,308405974,|[4345493055, 34701889, 3398030380, 266894776, 829735580, -1]|
day_henao,2989,14400.0,0.5,147,0,2854982227,[-1]
bydefault,6,14460.0,0.0,435,19,16974310,|[2812638431, 805241216, 4691189473, 4786138371, 4867975335, 23047147, 4748634793, 378735981, 3398030380, 2784100399, 3590449521, 39364787, 2903166449, 162301746, 25268310, 3951302129, 829735580, -1]|
trump_world,0,14460.0,0.0,7717,142,205644304,|[400231424, 71609345, 4887216641, 314548237, 379979277, 121941520, 18810387, 4282439188, 369029151, 573239329, 3589878313, 2784100399, 909429824, 4345493055, 302004290, 34701889, 111944278, 2219308640, 1567913060, 1496571493, 2197230179, 2392500331, 4822094443, 3995662453, 1258109052, 43757693, 363955840, 211068552, 877883018, 2895412363, 3312540300, 846009488, 15589520, 704383743042015233, 2816395922, 861301399, 709208411825508353, 2837876374, 4408482973, 2654356639, 4867975335, 4182512297, 3465859754, 2329435819, 4743091372, 28473012, 3390129334, 554117316, 123883717, 3399869637, 3752361681, 4784596178, 3711377115, 4874929885, 2812638431, 272559329, 1902314210, 4691189473, 368945386, 1093277930, 1195542260, 4671191282, 3405633784, 23114490, 493926139, 4786138371, 3240523526, 336744713, 3415032597, 2703114008, 567626521, 387151655, 2399910186, 3519034157, 63152943, 162301746, 3427078965, 1159024446, 4224003393, 130494788, 1706287950, 243864403, 2764242773, 2164244826, 4433842521, 169907554, 1391370595, 19196263, 3590449521, 3234781559, 1720922491, 4163792778, 4387237774, 705587159504322560, 559656338, 4551477141, 701840040327061504, 1861885849, 486882714, 702956068620496896, 709059463987073025, 1543924651, 531270061, 2725246382, 14372784, 1413808069, 46007759, 3308267474, 2762251732, 4852473305, 3822233052, 23047147, 4870451693, 3948061168, 2903166449, 3951302129, 4703256050, 439184373, 3682896378, -1]|
KDScioscia,2988,14460.0,0.5,6271,25,1216957579,|[71609345, 201721986, 1076547972, 4786138371, 877883018, 846009488, 704383743042015233, 567626521, 2324475554, 4867975335, 3398030380, 4345493055, 34701889, 25268310, 2164244826, 169907554, 4691189473, 1496571493, 23047147, 378735981, 3590449521, 2903166449, -1]|
kathyca912,2989,14460.0,0.5,104,0,593235611,[-1]
BlossomandBev,1918,14460.0,0.125,3097,0,19021489,[-1]
dejrabel,4718,14460.0,0.5,1799,2,55464588,|[846009488, -1, 369029151]|
FredFredlopez8,2989,14460.0,0.5,63,2,1944182149,|[846009488, 4282439188, -1]|
k9dobny,1918,14520.0,0.125,305,1,1095576307,|[554117316, -1]|
DameonHuber,91,18000.0,0.25,17,0,1195542260,[-1]
joeygilbertinc,179,18000.0,0.125,78871,0,18154797,[-1]
CowboyUp1930,3385,18000.0,0.5,1424,8,368945386,|[4691189473, 36690283, 205644304, -1, 829735580, 223719518, 369029151]|
oxbrennanxo,1,18000.0,0.75,1193,0,2263216520,[-1]
LMM1952,367,18000.0,0.0,3644,49,2784100399,|[211068552, 4163792778, 205644304, 846009488, 709208411825508353, 387151655, 4867975335, 2399910186, 1455286956, 531270061, 1543924651, 14372784, 162301746, 4521230002, 19519035, 2683032895, 34701889, 130494788, 3291902538, 4784596178, 2762251732, 3822233052, 223719518, 2219308640, 169907554, 4691189473, 2197230179, 272559329, 16974310, 1902314210, 2746041570, 519960552, 378735981, 3590449521, 2903166449, 4671191282, 3951302129, -1]|
connnutmeg,3385,18000.0,0.5,1756,7,227307359,|[909429824, 16557667, 1543924651, 314548237, 83701522, 18810387, 829735580, -1]|
SqlAgent01,858,18000.0,0.0,146,0,466093122,[-1]
Helen571162721,0,18000.0,0.0,454,0,702144086107619328,[-1]
EPS1991,24,18000.0,0.875,3872,29,201721986,|[211068552, 4855698568, 1216957579, 846009488, 704383743042015233, 2816395922, 829735580, 369029151, 2884079135, 387151655, 4867975335, 1543924651, 162301746, 2683032895, 909429824, 2822259777, 930346952, 2239548626, 25268310, 169907554, 46303458, 23047147, 2903166449, 3951302129, 547629687, -1]|
SqlAgent01,18,18000.0,0.125,146,0,466093122,[-1]
Imperfect10n,10743,18000.0,0.0,212,17,703343282387095553,|[425061632, 2219308640, 46303458, 2914529775, 1596355154, 1258109052, 3822233052, -1]|
malski1954,38,18000.0,0.125,627,22,2399910186,|[877883018, 846009488, 4282439188, 2703114008, 829735580, 4867975335, 1543924651, 4480906040, 909429824, 4345493055, 4784596178, 25268310, 4691189473, 4418684392, 23047147, 701530709962395648, 4822094443, 3590449521, 2903166449, 3951302129, 23114490, -1]|
Turner2Nate,3385,18000.0,0.5,180,0,2717047889,[-1]
BryanBlakeCox,3,18000.0,-0.25,2688,0,2837730250,[-1]
sareed59,21,18000.0,0.375,1259,28,559656338,|[71609345, 4786138371, 877883018, 704383743042015233, 705888983398494209, 589511830, 709208411825508353, 567626521, 829735580, 4408482973, 1455286956, 162301746, 4345493055, 554117316, 4784596178, 4874929885, 2812638431, 46303458, 4691189473, 519960552, 23047147, 4822094443, 2903166449, 3951302129, 3995662453, -1]|
Thunder103093,0,18000.0,0.125,109,0,2362733395,[-1]
47PatriotFI,115,18060.0,-0.375,862,24,218041902,|[2219308640, 272559329, 4691189473, 46303458, 4345493055, 34701889, 877883018, 4822094443, 705587159504322560, 2903166449, 3951302129, 4671191282, 2762251732, 4784596178, 4282439188, 829735580, -1, 369029151]|
bluestarwindow,1,18060.0,0.0,1218,23,3380661135,|[4703317886, 2219308640, 169907554, 4691189473, 272559329, 1496571493, 829735580, 3240523526, 4822094443, 3590449521, 2903166449, 559656338, 162301746, 18810387, 4784596178, 2703114008, 3331438299, -1]|
Helen571162721,0,18060.0,0.0,454,0,702144086107619328,[-1]
askme1x,3385,18060.0,0.5,135,1,24388101,|[4867975335, -1]|
SqlAgent01,10,18060.0,0.0,146,0,466093122,[-1]
TimHuds02462029,3385,18060.0,0.5,24,0,4560117854,[-1]
endo_lee,2061,18060.0,0.125,385,10,1258109052,|[169907554, 4867975335, 704383743042015233, 3590449521, 2903166449, 4784596178, 589511830, 703343282387095553, 829735580, -1]|
ync1994,3385,18060.0,0.5,2200,22,23840242,|[2812638431, 2219308640, 46303458, 4691189473, 272559329, 363955840, 34701889, 4163792778, 846009488, 3590449521, 2816395922, 2903166449, 2703114008, 829735580, -1, 369029151]|
Thomas__Art,3385,18060.0,0.5,518,12,76864993,|[702144086107619328, 704383743042015233, 705568265007931393, 4671191282, 706979910200516610, -1]|
AynsFriend,0,18060.0,0.0,1946,27,573239329,|[789738380, 18810387, 2837876374, 2703114008, 829735580, 387151655, 344811563, 34701889, 2822259777, 3752361681, 25268310, 223719518, 272559329, 169907554, 46303458, 4691189473, 1496571493, 1902314210, 519960552, 378735981, 3590449521, -1]|
ConservVoice,115,18060.0,-0.375,3894,41,23114490,|[4703317886, 4786138371, 877883018, 846009488, 205644304, 83701522, 18810387, 704383743042015233, 2837876374, 120533019, 829735580, 387151655, 2399910186, 1543924651, 162301746, 3390129334, 4480906040, 909429824, 4345493055, 554117316, 4784596178, 25268310, 4852473305, 3822233052, 223719518, 4874929885, 272559329, 46303458, 16557667, 4691189473, 2197230179, 519960552, 378735981, 2903166449, 3951302129, 4671191282, -1]|
VWAudiPorsche,727,18060.0,-0.125,2285,44,169907554,|[201721986, 4786138371, 877883018, 3312540300, 83701522, 18810387, 4282439188, 2703114008, 54153498, 567626521, 369029151, 573239329, 387151655, 4867975335, 344811563, 1455286956, 63152943, 2784100399, 162301746, 39364787, 3427078965, 73048382, 4345493055, 302004290, 34701889, 554117316, 25268310, 2812638431, 272559329, 46303458, 4691189473, 1902314210, 1496571493, 519960552, 2903166449, 3951302129, 493926139, 1258109052, -1]|
Helen571162721,0,18060.0,0.0,454,0,702144086107619328,[-1]
sandyslove123,3385,18120.0,0.5,1841,24,3427078965,|[169907554, 4691189473, 387151655, 3589878313, 23047147, 4163792778, 877883018, 846009488, 15589520, 2903166449, 162301746, 1720922491, 705587159504322560, 3948061168, 18810387, 4784596178, 3951302129, 4852473305, 829735580, -1]|
maher_kathryn,2061,18120.0,0.125,337,11,468982444,|[169907554, 554117316, 1496571493, 260369607, 2399910186, 846009488, 3590449521, 2903166449, 25268310, 709208411825508353, 567626521, -1]|
DeFuniakSweets,7,21600.0,-0.875,316,0,468982444,[-1]
Politicallyin18,3771,21660.0,0.5,2023,43,3589878313,|[211068552, 846009488, 704383743042015233, 4282439188, 567626521, 2703114008, 829735580, 369029151, 387151655, 3427078965, 19519035, 34701889, 4784596178, 2762251732, 25268310, 2812638431, 2219308640, 46303458, 4691189473, 1496571493, 16974310, 519960552, 23047147, 2914529775, 3590449521, 2903166449, 3405633784, 1258109052, -1]|
SteuerCarla,25,21660.0,0.125,1875,28,3312540300,|[877883018, 4163792778, 314548237, 846009488, 705587159504322560, 559656338, 2816395922, 3415032597, 829735580, 369029151, 162301746, 3390129334, 19519035, 4784596178, 2762251732, 25268310, 223719518, 2812638431, 169907554, 4691189473, 1567913060, 2903166449, 4671191282, -1]|
BoJaques,0,21660.0,-0.25,173,0,19277842,[-1]
debr447,3771,21660.0,0.5,55,3,2768794753,|[4867975335, 704383743042015233, -1]|
hsgribble,323,21660.0,-0.75,110,11,3711377115,|[46303458, 4867975335, 2399910186, 378735981, 3398030380, 846009488, 3590449521, 2816395922, 2762251732, -1]|
ButchJocson,25,21660.0,0.125,6577,28,83701522,|[805241216, 425061632, 211068552, 704383743042015233, 18810387, 4282439188, 2703114008, 14372784, 4453680687, 162301746, 34701889, 4784596178, 2762251732, 2164244826, 227307359, 169907554, 46303458, 16557667, 4691189473, 519960552, 4822094443, 3590449521, 2903166449, 23114490, 3682896378, -1]|
lisam02184,413,21660.0,0.375,1431,44,2762251732,|[705427701461483521, 789738380, 314548237, 3312540300, 846009488, 705587159504322560, 559656338, 83701522, 4282439188, 709208411825508353, 829735580, 502225187, 4902369955, 4867975335, 1455286956, 218041902, 2784100399, 14372784, 4453680687, 3390129334, 554117316, 4874929885, 2219308640, 46303458, 4691189473, 272559329, 16974310, 2191392487, 3590449521, 2903166449, 4671191282, 3951302129, 3682896378, -1]|
